694,0,,,,"S.A.M.Co. Curupaity",,"Av. San Martin Y MondragÃ³n",,,,Curupaity,344,45,5,,,Curupaity," Santa Fe"," Argentina",-30.3961658,-61.6502419,,,"2017-02-10 21:13:15","2017-02-10 21:13:15",1,0,0,0,0,03491/493611,,,,,,,,,,,,,,,,,,,,,,,,,,,,1,,,,,,,,0,,,,,,,,0,0,344,Argentina,,"Santa Fe",0,"San Cristobal"
695,0,,,,"S.A.M.Co. La Pelada",,"Los Colonizadores",,,,"La Pelada",348,45,5,,,"Los Colonizadores"," La Pelada"," Santa Fe"," Argentina",-30.8635974,-60.9693532,,,"2017-02-10 21:13:15","2017-02-10 21:13:15",1,0,0,0,0,03497/495038,centrex:1298,,,,,,,,,,,,,,,,,,,,,,,,,,,,1,,,,,,,,0,,,,,,,,0,0,348,Argentina,,"Santa Fe",0,"Las Colonias"
696,0,,,,"S.A.M.Co. Maggiolo",,"Mariano Castex",411,,,Maggiolo,340,45,5,,,Maggiolo," Santa Fe"," Argentina",-33.7225304,-62.2540283,,,"2017-02-10 21:13:14","2017-02-10 21:13:14",1,0,0,0,0,03462-492038,,,,,,,,,,,,,,,,,,,,,,,,,,,,1,,,,,,,,0,,,,,,,,0,0,340,Argentina,,"Santa Fe",0,"General Lopez"
697,0,,,,"S.A.M.Co. Margarita",,"Luciano Leiva",1470,,,Margarita,346,45,5,,,"Luciano Leiva"," Margarita"," Santa Fe"," Argentina",-29.6905902,-60.2516177,,,"2017-02-10 21:13:15","2017-02-10 21:13:15",1,0,0,0,0,03483/498213,,,,,,,,,,,,,,,,,,,,,,,,,,,,1,,,,,,,,0,,,,,,,,0,0,346,Argentina,,"Santa Fe",0,Vera
698,0,,,,"S.A.M.Co. Monigotes",,"Zona Urbana",,,,Monigotes,344,45,5,,,Monigotes," Santa Fe"," Argentina",-30.4884022,-61.633717,,,"2017-02-10 21:13:15","2017-02-10 21:13:15",1,0,0,0,0,,,,,,,,,,,,,,,,,,,,,,,,,,,,,1,,,,,,,,0,,,,,,,,0,0,344,Argentina,,"Santa Fe",0,"San Cristobal"
699,0,,,,"S.A.M.Co. Norberto Trossero- Laguna Paiva",,Colono,1344,,,"Laguna Paiva",334,45,5,,,"Colono 1344"," Laguna Paiva"," Santa Fe"," Argentina",-31.3106229,-60.6601494,,,"2017-02-10 20:19:17","2017-02-10 20:19:17",1,0,0,0,0,"0342/4579249 centrex: 9249",,,,,,,,,,,,,,,,,,,,,,,,,,,,1,,,,,,,,0,,,,,,,,0,0,334,Argentina,,"Santa Fe",0,"La Capital"
700,0,,,,"S.A.M.Co. Pueblo Irigoyen",,Belgrano,,,,"Bernardo de Irigoyen",347,45,5,,,Belgrano," Bernardo de Irigoyen"," Santa Fe"," Argentina",-32.1645267,-61.1580895,,,"2017-02-10 21:13:15","2017-02-10 21:13:15",1,0,0,0,0,03466/491023," ctx: 6346",,,,,,,,,,,,,,,,,,,,,,,,,,,,1,,,,,,,,0,,,,,,,,0,0,347,Argentina,,"Santa Fe",0,"San Jerónimo"
701,0,,,,"S.A.M.Co. Puerto Gaboto",,Gaboto,,,,"Sancti Spiritu",340,45,5,,,"Sancti Spiritu"," Puerto Gaboto"," Santa Fe"," Argentina",-34.0085451,-62.245168,,,"2017-02-10 21:13:14","2017-02-10 21:13:14",1,0,0,0,0,"03476/488041 centrex 6410",,,,,,,,,,,,,,,,,,,,,,,,,,,,1,,,,,,,,0,,,,,,,,0,0,340,Argentina,,"Santa Fe",0,"General Lopez"
702,0,,,,"S.A.M.Co. Pujato",,"Blvd. ColÃ³n",880,,,Pujato,331,45,5,,,"Blvd. ColÃ³n 880"," S2122AEQ Pujato"," Santa Fe"," Argentina",-33.015673,-61.043463,,,"2017-02-10 18:57:10","2017-02-10 18:57:10",1,0,0,0,0,03464/494159,,,,,,,,,,,,,,,,,,,,,,,,,,,,1,,,,,,,,0,,,,,,,,0,0,331,Argentina,,"Santa Fe",0,"San Lorenzo"
703,0,,,,"S.A.M.Co. Romang",,"Arturo Ilia",,,,Romang,343,45,5,,,"Arturo Ilia 1168"," Santa Fe"," Argentina",-29.5057659,-59.749826,,,"2017-02-10 21:13:15","2017-02-10 21:13:15",1,0,0,0,0,03482/496009," centrex: 6456",,,,,,,,,,,,,,,,,,,,,,,,,,,,1,,,,,,,,0,,,,,,,,0,0,343,Argentina,,"Santa Fe",0,"San Javier"
704,0,,,,"S.A.M.Co. Sarmiento",,"25 de Mayo",1449,,,Sarmiento,348,45,5,,,"25 de Mayo"," Sarmiento"," Santa Fe"," Argentina",-31.0571579,-61.1662064,,,"2017-02-10 21:13:15","2017-02-10 21:13:15",1,0,0,0,0,03497/497095,,,,,,,,,,,,,,,,,,,,,,,,,,,,1,,,,,,,,0,,,,,,,,0,0,348,Argentina,,"Santa Fe",0,"Las Colonias"
705,0,,,,"S.A.M.Co. Traill",,"Zona Urbana",,,,"Estancia Traill Sureste",336,45,5,,,"Estancia Traill Sureste"," Santa Fe"," Argentina",-31.85,-61.68333,,,"2017-02-10 20:19:18","2017-02-10 20:19:18",1,0,0,0,0,03406/441900(Com.),,,,,,,,,,,,,,,,,,,,,,,,,,,,1,,,,,,,,0,,,,,,,,0,0,336,Argentina,,"Santa Fe",0,"San Martín"
706,0,,,,"S.A.M.Co. Vera",,"Soldado GÃ³mez",2495,,,Vera,346,45,5,,,"Soldado GÃ³mez 2495"," Vera"," Santa Fe"," Argentina",-29.4544377,-60.2208399,,,"2017-02-10 21:13:15","2017-02-10 21:13:15",1,0,0,0,0,03483/420105-420146-420166,,,,,,,,,,,,,,,,,,,,,,,,,,,,1,,,,,,,,0,,,,,,,,0,0,346,Argentina,,"Santa Fe",0,Vera
707,0,,,,"Vilmo Raimondi",,"Mayor Gainza S/N",,,,"Loma Alta",347,45,5,,,"Loma Alta"," Santa Fe"," Argentina",-31.9600792,-61.177227,,,"2017-02-10 21:13:15","2017-02-10 21:13:15",1,0,0,0,0,03404/457020,,,,,,,,,,,,,,,,,,,,,,,,,,,,1,,,,,,,,0,,,,,,,,0,0,347,Argentina,,"Santa Fe",0,"San Jerónimo"
750,0,,,,"Centro de Salud Adelina Este",,"Diagonal 12 Y",71,,,"Villa Adelina",369,45,5,1,,,-34.5241415,-58.5451231,,,"2017-02-11 00:04:03","2017-02-11 00:04:03",1,0,0,0,0,"0342 - 155119981",,,,,,,,,,,,,,,,,,,,,,,,,,,,1,,,,,,,,0,,,,,,,,0,0,369,Argentina,,"Santa Fe",0,
751,0,,,,"Centro de Salud Adelina Oeste",,"Los ParaÃ­sos",,Corrientes,Corrientes,"Villa Adelina",369,45,5,1,,,-34.5241415,-58.5451231,,,"2017-02-11 00:04:03","2017-02-11 00:04:03",1,0,0,0,0,"( 0342) 499-6210",,,,,,,,,,,,,,,,,,,,,,,,,,,,1,,,,,,,,0,,,,,,,,0,0,369,Argentina,,"Santa Fe",0,
754,0,,,,"S.A.M.Co. San Gregorio",,"Lisandro De La Torre",251,,,"San Gregorio",369,45,5,1,,,-34.3262911,-62.0339718,,,"2017-02-11 00:04:03","2017-02-11 00:04:03",1,0,0,0,0,03382/470041,,,,,,,,,,,,,,,,,,,,,,,,,,,,1,,,,,,,,0,,,,,,,,0,0,369,Argentina,,"Santa Fe",0,
755,0,,,,"Centro de Salud San Eduardo",,Urquiza,542,,,"San Eduardo",369,45,5,1,,,-34.3233092,-62.0331,,,"2017-02-11 00:04:03","2017-02-11 00:04:03",1,0,0,0,0,"03462/482093 - 441277",,,,,,,,,,,,,,,,,,,,,,,,,,,,1,,,,,,,,0,,,,,,,,0,0,369,Argentina,,"Santa Fe",0,
756,0,,,,"S.A.M.Co. Hospital Rufino",,"Alem Vieyra",1261,,,Rufino,369,45,5,1,,,-34.2632375,-62.7128,,,"2017-02-11 00:04:03","2017-02-11 00:04:03",1,0,0,0,0,03382/428408-,,,,,,,,,,,,,,,,,,,,,,,,,,,,1,,,,,,,,0,,,,,,,,0,0,369,Argentina,,"Santa Fe",0,
757,0,,,,"Centro de Salud Marta Frigerio",,Alberdi,1100,,,Rufino,369,45,5,1,,,-34.2632375,-62.7128,,,"2017-02-11 00:04:03","2017-02-11 00:04:03",1,0,0,0,0,03382-15671244,,,,,,,,,,,,,,,,,,,,,,,,,,,,1,,,,,,,,0,,,,,,,,0,0,369,Argentina,,"Santa Fe",0,
758,0,,,,"Centro de Salud Angel Bulgheroni",,"Santiago Del Estero",50,,,Rufino,369,45,5,1,,,-34.2584223,-62.7034104,,,"2017-02-11 00:04:03","2017-02-11 00:04:03",1,0,0,0,0,03382/428007,,,,,,,,,,,,,,,,,,,,,,,,,,,,1,,,,,,,,0,,,,,,,,0,0,369,Argentina,,"Santa Fe",0,
759,0,,,,"S.A.M.Co. Teofilo Fuentes",,Sarmiento,44,,,Teodelina,369,45,5,1,,,-34.1862776,-61.5285506,,,"2017-02-11 00:04:03","2017-02-11 00:04:03",1,0,0,0,0,03462/440151," centrex: 6285",,,,,,,,,,,,,,,,,,,,,,,,,,,,1,,,,,,,,0,,,,,,,,0,0,369,Argentina,,"Santa Fe",0,
760,0,,,,"Centro de Salud Christophersen",,"Juan Pablo Ii","sin nÃºmero",,,Christophersen,369,45,5,1,,,-34.1831243,-62.0259211,,,"2017-02-11 00:04:03","2017-02-11 00:04:03",1,0,0,0,0,03462/485001," centrex: 6297",,,,,,,,,,,,,,,,,,,,,,,,,,,,1,,,,,,,,0,,,,,,,,0,0,369,Argentina,,"Santa Fe",0,
761,0,,,,"Centro de Salud Lazzarino",,"Manz 8",9,,,Lazzarino,369,45,5,1,,,-34.164589,-62.4271761,,,"2017-02-11 00:04:03","2017-02-11 00:04:03",1,0,0,0,0,"03382-492614 ctx 7564",,,,,,,,,,,,,,,,,,,,,,,,,,,,1,,,,,,,,0,,,,,,,,0,0,369,Argentina,,"Santa Fe",0,
762,0,,,,"Centro de Salud Amenabar",,Pellegrini,840,,,Amenabar,369,45,5,1,,,-34.1344833,-62.4214172,,,"2017-02-11 00:04:03","2017-02-11 00:04:03",1,0,0,0,0,"03382/492071 centrex 6126",,,,,,,,,,,,,,,,,,,,,,,,,,,,1,,,,,,,,0,,,,,,,,0,0,369,Argentina,,"Santa Fe",0,
763,0,,,,"S.A.M.Co. Villa CaÃ±as",,Av.,59,,,"Villa CaÃ±as",369,45,5,1,,,-34.0090234,-61.6069,,,"2017-02-11 00:04:03","2017-02-11 00:04:03",1,0,0,0,0,03462/450245," centrex: 6288",,,,,,,,,,,,,,,,,,,,,,,,,,,,1,,,,,,,,0,,,,,,,,0,0,369,Argentina,,"Santa Fe",0,
764,0,,,,"S.A.M.Co. Sancti Spiritu",,"Av. La Amistad",529,,,"Sancti Spiritu",369,45,5,1,,,-34.0088891,-62.242,,,"2017-02-11 00:04:03","2017-02-11 00:04:03",1,0,0,0,0,"03462 - 444045",,,,,,,,,,,,,,,,,,,,,,,,,,,,1,,,,,,,,0,,,,,,,,0,0,369,Argentina,,"Santa Fe",0,
765,0,,,,"S.A.M.Co. Maria Teresa",,"E Bosch",,"San MartÃ­n","San MartÃ­n","Maria Teresa",369,45,5,1,,,-34.0049918,-61.9006,,,"2017-02-11 00:04:03","2017-02-11 00:04:03",1,0,0,0,0,03462/480026," centrex: 6292",,,,,,,,,,,,,,,,,,,,,,,,,,,,1,,,,,,,,0,,,,,,,,0,0,369,Argentina,,"Santa Fe",0,
767,0,,,,"Hospital Miguel Rueda",Hospital,Misiones,1349,,,"Santa Isabel",369,45,5,1,,,-33.8846672,-61.689119,,,"2017-02-11 00:04:03","2017-02-11 00:04:03",1,0,0,0,0,03462/490150," centrex: 6298",,,,,,,,,,,,,,,,,,,,,,,,,,,,1,,,,,,,,0,,,,,,,,0,0,369,Argentina,,"Santa Fe",0,
768,0,,,,"S.A.M.Co. Hughes",,Rivadavia,,Laprida,Laprida,Hughes,369,45,5,1,,,-33.8014692,-61.3346764,,,"2017-02-11 00:04:03","2017-02-11 00:04:03",1,0,0,0,0,"02473 49-1520-491175",,,,,,,,,,,,,,,,,,,,,,,,,,,,1,,,,,,,,0,,,,,,,,0,0,369,Argentina,,"Santa Fe",0,
769,0,,,,"Centro de Salud Chapuy",,"Av. La Plata",227,,,Chapuy,369,45,5,1,,,-33.7999273,-61.7445961,,,"2017-02-11 00:04:03","2017-02-11 00:04:03",1,0,0,0,0,03462/494023," centrex: 6300",,,,,,,,,,,,,,,,,,,,,,,,,,,,1,,,,,,,,0,,,,,,,,0,0,369,Argentina,,"Santa Fe",0,
770,0,,,,"S.A.M.Co. Wheelwright",,"Av. Vila",672,,,Wheelwright,369,45,5,1,,,-33.7941401,-61.2134743,,,"2017-02-11 00:04:03","2017-02-11 00:04:03",1,0,0,0,0,02473-480849,,,,,,,,,,,,,,,,,,,,,,,,,,,,1,,,,,,,,0,,,,,,,,0,0,369,Argentina,,"Santa Fe",0,
771,0,,,,"Centro de Salud Tiro Federal",,Chile,1350,,,"Venado Tuerto",369,45,5,1,,,-33.7622912,-61.9656,,,"2017-02-11 00:04:03","2017-02-11 00:04:03",1,0,0,0,0,03462-433680,,,,,,,,,,,,,,,,,,,,,,,,,,,,1,,,,,,,,0,,,,,,,,0,0,369,Argentina,,"Santa Fe",0,
772,0,,,,"Centro de Salud Iturbide",,CaparrÃ³s,350,,,"Venado Tuerto",369,45,5,1,,,-33.7610283,-61.9502,,,"2017-02-11 00:04:03","2017-02-11 00:04:03",1,0,0,0,0,,,,,,,,,,,,,,,,,,,,,,,,,,,,,1,,,,,,,,0,,,,,,,,0,0,369,Argentina,,"Santa Fe",0,
773,0,,,,"Centro de Salud Barrio Rivadavia",,"26 De abril",,,,"Venado Tuerto",369,45,5,1,,,-33.7527268,-61.9821181,,,"2017-02-11 00:04:03","2017-02-11 00:04:03",1,0,0,0,0,03462-423743,,,,,,,,,,,,,,,,,,,,,,,,,,,,1,,,,,,,,0,,,,,,,,0,0,369,Argentina,,"Santa Fe",0,
774,0,,,,"Centro de Salud Juan Xxiii",,"SaÃ©nz PeÃ±a",1991,,,"Venado Tuerto",369,45,5,1,,,-33.744066,-61.9857,,,"2017-02-11 00:04:03","2017-02-11 00:04:03",1,0,0,0,0,03462-435744,,,,,,,,,,,,,,,,,,,,,,,,,,,,1,,,,,,,,0,,,,,,,,0,0,369,Argentina,,"Santa Fe",0,
775,0,,,,"Centro de Salud San Jose Obrero - V Tuerto",,Edison,2052,,,"Venado Tuerto",369,45,5,1,,,-33.7401071,-61.9843875,,,"2017-02-11 00:04:03","2017-02-11 00:04:03",1,0,0,0,0,,,,,,,,,,,,,,,,,,,,,,,,,,,,,1,,,,,,,,0,,,,,,,,0,0,369,Argentina,,"Santa Fe",0,
776,0,,,,"Centro de Salud Asistencia Publica Municipal",,Brown,478,,,"Venado Tuerto",369,45,5,1,,,-33.7387017,-61.9677681,,,"2017-02-11 00:04:03","2017-02-11 00:04:03",1,0,0,0,0,03462-436374,,,,,,,,,,,,,,,,,,,,,,,,,,,,1,,,,,,,,0,,,,,,,,0,0,369,Argentina,,"Santa Fe",0,
777,0,,,,"Centro de Salud Ciudad Nueva",,Amincton,535,,,"Venado Tuerto",369,45,5,1,,,-33.7378772,-61.9463813,,,"2017-02-11 00:04:03","2017-02-11 00:04:03",1,0,0,0,0,,,,,,,,,,,,,,,,,,,,,,,,,,,,,1,,,,,,,,0,,,,,,,,0,0,369,Argentina,,"Santa Fe",0,
778,0,,,,"Centro de Salud San Vicente",,Goumond,1495,,,"Venado Tuerto",369,45,5,1,,,-33.7340596,-61.9864,,,"2017-02-11 00:04:03","2017-02-11 00:04:03",1,0,0,0,0,03462-438432,,,,,,,,,,,,,,,,,,,,,,,,,,,,1,,,,,,,,0,,,,,,,,0,0,369,Argentina,,"Santa Fe",0,
779,0,,,,"Centro de Salud Carmen",,"San MartÃ­n",350,,,Carmen,369,45,5,1,,,-33.7325572,-61.7585,,,"2017-02-11 00:04:03","2017-02-11 00:04:03",1,0,0,0,0,03462/493012," centrex: 6299",,,,,,,,,,,,,,,,,,,,,,,,,,,,1,,,,,,,,0,,,,,,,,0,0,369,Argentina,,"Santa Fe",0,
780,0,,,,"Centro de Salud Villa Casey",,"Mariano LÃ³pez",1300,,,"Venado Tuerto",369,45,5,1,,,-33.7264919,-61.9925,,,"2017-02-11 00:04:03","2017-02-11 00:04:03",1,0,0,0,0,,,,,,,,,,,,,,,,,,,,,,,,,,,,,1,,,,,,,,0,,,,,,,,0,0,369,Argentina,,"Santa Fe",0,
781,0,,,,"Centro de Salud N 3 Barrio Santa Rosa",,Balcarce,4193,,,"Venado Tuerto",369,45,5,1,,,-33.7124045,-61.9836349,,,"2017-02-11 00:04:03","2017-02-11 00:04:03",1,0,0,0,0,03462-439952,,,,,,,,,,,,,,,,,,,,,,,,,,,,1,,,,,,,,0,,,,,,,,0,0,369,Argentina,,"Santa Fe",0,
782,0,,,,"S.A.M.Co. Elortondo",,"San MartÃ­n",156,,,Elortondo,369,45,5,1,,,-33.7019561,-61.6149,,,"2017-02-11 00:04:03","2017-02-11 00:04:03",1,0,0,0,0,"03462 470056",,,,,,,,,,,,,,,,,,,,,,,,,,,,1,,,,,,,,0,,,,,,,,0,0,369,Argentina,,"Santa Fe",0,
783,0,,,,"Centro de Salud N 1 - Elortondo",,Castelli,,EspaÃ±a,EspaÃ±a,Elortondo,369,45,5,1,,,-33.7011985,-61.6161,,,"2017-02-11 00:04:03","2017-02-11 00:04:03",1,0,0,0,0,03462-471274,,,,,,,,,,,,,,,,,,,,,,,,,,,,1,,,,,,,,0,,,,,,,,0,0,369,Argentina,,"Santa Fe",0,
784,0,,,,"Centro de Salud N 2",,"Entre RÃ­os",,"General LÃ³pez","General LÃ³pez",Elortondo,369,45,5,1,,,-33.7011985,-61.6161,,,"2017-02-11 00:04:03","2017-02-11 00:04:03",1,0,0,0,0,03462-471433-4751130,,,,,,,,,,,,,,,,,,,,,,,,,,,,1,,,,,,,,0,,,,,,,,0,0,369,Argentina,,"Santa Fe",0,
785,0,,,,"Centro de Salud Melincue",,"San MartÃ­n",85,,,MelincuÃ©,369,45,5,1,,,-33.6567192,-61.4530626,,,"2017-02-11 00:04:03","2017-02-11 00:04:03",1,0,0,0,0,03465/499804,,,,,,,,,,,,,,,,,,,,,,,,,,,,1,,,,,,,,0,,,,,,,,0,0,369,Argentina,,"Santa Fe",0,
786,0,,,,"Centro de Salud Dra Carmen Castilla",,CÃ³rdoba,211,,,Murphy,369,45,5,1,,,-33.6435519,-61.8621067,,,"2017-02-11 00:04:03","2017-02-11 00:04:03",1,0,0,0,0,"03462/441972- 441254",,,,,,,,,,,,,,,,,,,,,,,,,,,,1,,,,,,,,0,,,,,,,,0,0,369,Argentina,,"Santa Fe",0,
787,0,,,,"Centro de Salud Dr Vidalle",,Sarmiento,802,,,Murphy,369,45,5,1,,,-33.6408776,-61.8570629,,,"2017-02-11 00:04:03","2017-02-11 00:04:03",1,0,0,0,0,"03462 - 441977",,,,,,,,,,,,,,,,,,,,,,,,,,,,1,,,,,,,,0,,,,,,,,0,0,369,Argentina,,"Santa Fe",0,
790,0,,,,"Centro de Salud General Gelly",,Belgrano,,"Dr. Alem","Dr. Alem","General Gelly",369,45,5,1,,,-33.6005,-60.596,,,"2017-02-11 00:04:03","2017-02-11 00:04:03",1,0,0,0,0,02477/490004,,,,,,,,,,,,,,,,,,,,,,,,,,,,1,,,,,,,,0,,,,,,,,0,0,369,Argentina,,"Santa Fe",0,
791,0,,,,"Centro de Salud Dr Jorge Semorile",,"San MartÃ­n",560,,,Chovet,369,45,5,1,,,-33.6003559,-61.608,,,"2017-02-11 00:04:03","2017-02-11 00:04:03",1,0,0,0,0,"03465/493710 Ctrex 8610",,,,,,,,,,,,,,,,,,,,,,,,,,,,1,,,,,,,,0,,,,,,,,0,0,369,Argentina,,"Santa Fe",0,
794,0,,,,"S.A.M.Co. Alcorta",,"9 De julio",1078,,,Alcorta,369,45,5,1,,,-33.5430947,-61.123403,,,"2017-02-11 00:04:03","2017-02-11 00:04:03",1,0,0,0,0,"03465/470257 centrex 6322",,,,,,,,,,,,,,,,,,,,,,,,,,,,1,,,,,,,,0,,,,,,,,0,0,369,Argentina,,"Santa Fe",0,
795,0,,,,"Centro de Salud Peyrano",,TucumÃ¡n,162,,,Peyrano,369,45,5,1,,,-33.5404667,-60.8079,,,"2017-02-11 00:04:03","2017-02-11 00:04:03",1,0,0,0,0,03460/470466/101,,,,,,,,,,,,,,,,,,,,,,,,,,,,1,,,,,,,,0,,,,,,,,0,0,369,Argentina,,"Santa Fe",0,
796,0,,,,"Centro de Salud Miguel Torres",,"San Miguel","sin nÃºmero",,,"Miguel Torres",369,45,5,1,,,-33.5266708,-61.4650525,,,"2017-02-11 00:04:03","2017-02-11 00:04:03",1,0,0,0,0,03465/422110,,,,,,,,,,,,,,,,,,,,,,,,,,,,1,,,,,,,,0,,,,,,,,0,0,369,Argentina,,"Santa Fe",0,
797,0,,,,"Centro de Salud CaÃ±ada Rica",,"R. Guiraldes",78,,,"CaÃ±ada Rica",369,45,5,1,,,-33.5153094,-60.6128537,,,"2017-02-11 00:04:03","2017-02-11 00:04:03",1,0,0,0,0,03460/499121,,,,,,,,,,,,,,,,,,,,,,,,,,,,1,,,,,,,,0,,,,,,,,0,0,369,Argentina,,"Santa Fe",0,
799,0,,,,"S.A.M.Co. Juan B Molina",,Moreno,64,,,"Juan B. Molina",369,45,5,1,,,-33.4952468,-60.5123214,,,"2017-02-11 00:04:03","2017-02-11 00:04:03",1,0,0,0,0,03460/498202,,,,,,,,,,,,,,,,,,,,,,,,,,,,1,,,,,,,,0,,,,,,,,0,0,369,Argentina,,"Santa Fe",0,
800,0,,,,"S.A.M.Co. Maximo Paz",,ItuzaingÃ³,72,,,"MÃ¡ximo Paz",369,45,5,1,,,-33.4826969,-60.9572,,,"2017-02-11 00:04:03","2017-02-11 00:04:03",1,0,0,0,0,03460/496038,,,,,,,,,,,,,,,,,,,,,,,,,,,,1,,,,,,,,0,,,,,,,,0,0,369,Argentina,,"Santa Fe",0,
801,0,,,,"S.A.M.Co. Bombal",,Altamirano,567,,,Bombal,369,45,5,1,,,-33.4582598,-61.31885,,,"2017-02-11 00:04:03","2017-02-11 00:04:03",1,0,0,0,0,03465/497039,,,,,,,,,,,,,,,,,,,,,,,,,,,,1,,,,,,,,0,,,,,,,,0,0,369,Argentina,,"Santa Fe",0,
802,0,,,,"S.A.M.Co. General San Martin - Firmat",,"Santa Fe",1860,,,Firmat,369,45,5,1,,,-33.4581557,-61.4948332,,,"2017-02-11 00:04:03","2017-02-11 00:04:03",1,0,0,0,0,03465/423528," centrex: 6320",,,,,,,,,,,,,,,,,,,,,,,,,,,,1,,,,,,,,0,,,,,,,,0,0,369,Argentina,,"Santa Fe",0,
804,0,,,,"Centro de Salud Cafferata",,Belgrano,834,,,Cafferata,369,45,5,1,,,-33.4388568,-62.0867495,,,"2017-02-11 00:04:03","2017-02-11 00:04:03",1,0,0,0,0,,,,,,,,,,,,,,,,,,,,,,,,,,,,,1,,,,,,,,0,,,,,,,,0,0,369,Argentina,,"Santa Fe",0,
805,0,,,,"Centro de Salud Santa Teresa",,"San MartÃ­n",575,,,"Santa Teresa",369,45,5,1,,,-33.4374045,-60.7909,,,"2017-02-11 00:04:03","2017-02-11 00:04:03",1,0,0,0,0,03460-420153,,,,,,,,,,,,,,,,,,,,,,,,,,,,1,,,,,,,,0,,,,,,,,0,0,369,Argentina,,"Santa Fe",0,
806,0,,,,"Centro de Salud Sargento Cabral",,"San NicolÃ¡s",346,,,"Sargento Cabral",369,45,5,1,,,-33.4305755,-60.6287,,,"2017-02-11 00:04:03","2017-02-11 00:04:03",1,0,0,0,0,03460/491306,,,,,,,,,,,,,,,,,,,,,,,,,,,,1,,,,,,,,0,,,,,,,,0,0,369,Argentina,,"Santa Fe",0,
807,0,,,,"Centro de Salud CaÃ±ada De Ucle",,Rivadavia,891,,,"CaÃ±ada Del Ucle",369,45,5,1,,,-33.4096601,-61.607,,,"2017-02-11 00:04:03","2017-02-11 00:04:03",1,0,0,0,0,03465/4923932,,,,,,,,,,,,,,,,,,,,,,,,,,,,1,,,,,,,,0,,,,,,,,0,0,369,Argentina,,"Santa Fe",0,
808,0,,,,"S.A.M.Co. Islas Malvinas",,"Calle 20",415,,,Godeken,369,45,5,1,,,-33.4020814,-61.8442,,,"2017-02-11 00:04:03","2017-02-11 00:04:03",1,0,0,0,0,03465/498145," centrex: 6339",,,,,,,,,,,,,,,,,,,,,,,,,,,,1,,,,,,,,0,,,,,,,,0,0,369,Argentina,,"Santa Fe",0,
810,0,,,,"S.A.M.Co. Bigand",,"San MartÃ­n",1088,,,Bigand,369,45,5,1,,,-33.3763362,-61.1831,,,"2017-02-11 00:04:03","2017-02-11 00:04:03",1,0,0,0,0,"03464/461028 centrex 6307",,,,,,,,,,,,,,,,,,,,,,,,,,,,1,,,,,,,,0,,,,,,,,0,0,369,Argentina,,"Santa Fe",0,
811,0,,,,"S.A.M.Co. Los Quirquinchos",,Mitre,,Belgrano,Belgrano,"Los Quirquinchos",369,45,5,1,,,-33.3751295,-61.7115,,,"2017-02-11 00:04:03","2017-02-11 00:04:03",1,0,0,0,0,"03465 - 496170",,,,,,,,,,,,,,,,,,,,,,,,,,,,1,,,,,,,,0,,,,,,,,0,0,369,Argentina,,"Santa Fe",0,
812,0,,,,"Centro de Salud Godoy",,"SaÃ©nz PeÃ±a",275,,,Godoy,369,45,5,1,,,-33.3705093,-60.5051,,,"2017-02-11 00:04:03","2017-02-11 00:04:03",1,0,0,0,0,03460/497037,,,,,,,,,,,,,,,,,,,,,,,,,,,,1,,,,,,,,0,,,,,,,,0,0,369,Argentina,,"Santa Fe",0,
815,0,,,,"Centro de Salud Dr. RenÃ© Favaloro",,"Ruta 33",458,,,Villada,369,45,5,1,,,-33.34976,-61.4473,,,"2017-02-11 00:04:03","2017-02-11 00:04:03",1,0,0,0,0,03465/491072," centrex: 6325",,,,,,,,,,,,,,,,,,,,,,,,,,,,1,,,,,,,,0,,,,,,,,0,0,369,Argentina,,"Santa Fe",0,
816,0,,,,"S.A.M.Co. ChaÃ±ar Ladeado",,"Santa Fe",268,,,"ChaÃ±ar Ladeado",369,45,5,1,,,-33.3226338,-62.0379847,,,"2017-02-11 00:04:03","2017-02-11 00:04:03",1,0,0,0,0,"03468/481216 ctx 6360",,,,,,,,,,,,,,,,,,,,,,,,,,,,1,,,,,,,,0,,,,,,,,0,0,369,Argentina,,"Santa Fe",0,
817,0,,,,"S.A.M.Co. Coronel Bogado",,"9 De julio",,Moreno,Moreno,"Coronel Bogado",369,45,5,1,,,-33.3150761,-60.6024,,,"2017-02-11 00:04:03","2017-02-11 00:04:03",1,0,0,0,0,03402/491200,,,,,,,,,,,,,,,,,,,,,,,,,,,,1,,,,,,,,0,,,,,,,,0,0,369,Argentina,,"Santa Fe",0,
818,0,,,,"S.A.M.Co. Villa Mugueta",,Rivadavia,798,,,"Villa Mugueta",369,45,5,1,,,-33.3126724,-61.0542496,,,"2017-02-11 00:04:03","2017-02-11 00:04:03",1,0,0,0,0,03464-497023,,,,,,,,,,,,,,,,,,,,,,,,,,,,1,,,,,,,,0,,,,,,,,0,0,369,Argentina,,"Santa Fe",0,
820,0,,,,"Centro de Salud Pavon Arriba",,"Buenos Aires",814,,,"Pavon Arriba",369,45,5,1,,,-33.3103321,-60.8253,,,"2017-02-11 00:04:03","2017-02-11 00:04:03",1,0,0,0,0,"03469/491541 ctx 9741",,,,,,,,,,,,,,,,,,,,,,,,,,,,1,,,,,,,,0,,,,,,,,0,0,369,Argentina,,"Santa Fe",0,
821,0,,,,"Centro de Salud Theobald",,"Av. Rosario","sin nÃºmero",,,Theobald,369,45,5,1,,,-33.3100782,-60.3108218,,,"2017-02-11 00:04:03","2017-02-11 00:04:03",1,0,0,0,0,03400-491819,,,,,,,,,,,,,,,,,,,,,,,,,,,,1,,,,,,,,0,,,,,,,,0,0,369,Argentina,,"Santa Fe",0,
824,0,,,,"Centro de Salud Arminda",,Belgrano,647,,,Arminda,369,45,5,1,,,-33.2639676,-60.9658,,,"2017-02-11 00:04:03","2017-02-11 00:04:03",1,0,0,0,0,"03469 - 493075",,,,,,,,,,,,,,,,,,,,,,,,,,,,1,,,,,,,,0,,,,,,,,0,0,369,Argentina,,"Santa Fe",0,
825,0,,,,"Centro de Salud Uranga",,"San Luis",240,,,"Pueblo Uranga",369,45,5,1,,,-33.2630782,-60.7064252,,,"2017-02-11 00:04:03","2017-02-11 00:04:03",1,0,0,0,0,03469-490248,,,,,,,,,,,,,,,,,,,,,,,,,,,,1,,,,,,,,0,,,,,,,,0,0,369,Argentina,,"Santa Fe",0,
826,0,,,,"Centro de Salud Empalme Villa Constitucion",,Rivadavia,179,,,"Empalme Villa Constitucion",369,45,5,1,,,-33.2611514,-60.3791,,,"2017-02-11 00:04:03","2017-02-11 00:04:03",1,0,0,0,0,03400/493123,,,,,,,,,,,,,,,,,,,,,,,,,,,,1,,,,,,,,0,,,,,,,,0,0,369,Argentina,,"Santa Fe",0,
827,0,,,,"Centro de Salud Luzuriaga",,"Barrio Luzuriaga",,,,"Villa Constitucion",369,45,5,1,,,-33.2610364,-60.3075,,,"2017-02-11 00:04:03","2017-02-11 00:04:03",1,0,0,0,0,03461-15354691,,,,,,,,,,,,,,,,,,,,,,,,,,,,1,,,,,,,,0,,,,,,,,0,0,369,Argentina,,"Santa Fe",0,
828,0,,,,"Centro de Salud Pavon",,Mitre,2538,,,Pavon,369,45,5,1,,,-33.2609752,-60.3854763,,,"2017-02-11 00:04:03","2017-02-11 00:04:03",1,0,0,0,0,03400-490221,,,,,,,,,,,,,,,,,,,,,,,,,,,,1,,,,,,,,0,,,,,,,,0,0,369,Argentina,,"Santa Fe",0,
829,0,,,,"Centro de Salud 17 De Octubre- Constitucion",,"Sivori 1005",,,,"Villa Constitucion",369,45,5,1,,,-33.2546003,-60.3067,,,"2017-02-11 00:04:03","2017-02-11 00:04:03",1,0,0,0,0,03461-15354692,,,,,,,,,,,,,,,,,,,,,,,,,,,,1,,,,,,,,0,,,,,,,,0,0,369,Argentina,,"Santa Fe",0,
830,0,,,,"CIC Villa Contitucion Dr Ramon Carrillo",,Almafuerte,,"Calle PÃºblica NÂº 3","Calle PÃºblica NÂº 3","Villa Constitucion",369,45,5,1,,,-33.2524197,-60.3034177,,,"2017-02-11 00:04:03","2017-02-11 00:04:03",1,0,0,0,0,03400-430010,,,,,,,,,,,,,,,,,,,,,,,,,,,,1,,,,,,,,0,,,,,,,,0,0,369,Argentina,,"Santa Fe",0,
831,0,,,,"S.A.M.Co. Maria Eva Duarte De Peron",,"Bv Roque Saenz PeÃ±a",1296,,,Chabas,369,45,5,1,,,-33.2462328,-61.357,,,"2017-02-11 00:04:03","2017-02-11 00:04:03",1,0,0,0,0,"03464/480211 centrex 6312",,,,,,,,,,,,,,,,,,,,,,,,,,,,1,,,,,,,,0,,,,,,,,0,0,369,Argentina,,"Santa Fe",0,
832,0,,,,"S.A.M.Co. Acebal - Hospital Maria Saa Pereyra",,"A. Del Valle",303,,,Acebal,369,45,5,1,,,-33.242209,-60.8306,,,"2017-02-11 00:04:03","2017-02-11 00:04:03",1,0,0,0,0,"03469/420160centrex: 6367",,,,,,,,,,,,,,,,,,,,,,,,,,,,1,,,,,,,,0,,,,,,,,0,0,369,Argentina,,"Santa Fe",0,
833,0,,,,"Centro de Salud Barrio Mitre",,Colombia,,Venezuela,Venezuela,Pavon,369,45,5,1,,,-33.2420469,-60.406,,,"2017-02-11 00:04:03","2017-02-11 00:04:03",1,0,0,0,0,03400-4940774,,,,,,,,,,,,,,,,,,,,,,,,,,,,1,,,,,,,,0,,,,,,,,0,0,369,Argentina,,"Santa Fe",0,
834,0,,,,"Centro de Salud Albarellos",,Comercio,235,,,Albarellos,369,45,5,1,,,-33.2400199,-60.6360158,,,"2017-02-11 00:04:03","2017-02-11 00:04:03",1,0,0,0,0,03402/494034,,,,,,,,,,,,,,,,,,,,,,,,,,,,1,,,,,,,,0,,,,,,,,0,0,369,Argentina,,"Santa Fe",0,
835,0,,,,"S.A.M.Co. Villa Constitucion",,BolÃ­var,1600,,,"Villa Constitucion",369,45,5,1,,,-33.2309429,-60.33553,,,"2017-02-11 00:04:03","2017-02-11 00:04:03",1,0,0,0,0,03400/474057-473448,,,,,,,,,,,,,,,,,,,,,,,,,,,,1,,,,,,,,0,,,,,,,,0,0,369,Argentina,,"Santa Fe",0,
836,0,,,,"Centro de Salud Barrio Troilo",,"Barrio Domingo Troilo",,,,"Villa Constitucion",369,45,5,1,,,-33.227158,-60.3298704,,,"2017-02-11 00:04:03","2017-02-11 00:04:03",1,0,0,0,0,03461-15354697,,,,,,,,,,,,,,,,,,,,,,,,,,,,1,,,,,,,,0,,,,,,,,0,0,369,Argentina,,"Santa Fe",0,
837,0,,,,"Centro de Salud Eva Peron - V Constitucion",,"J. J. Valle",735,,,"Villa Constitucion",369,45,5,1,,,-33.227158,-60.3298704,,,"2017-02-11 00:04:03","2017-02-11 00:04:03",1,0,0,0,0,03461-15354696,,,,,,,,,,,,,,,,,,,,,,,,,,,,1,,,,,,,,0,,,,,,,,0,0,369,Argentina,,"Santa Fe",0,
839,0,,,,"Centro de Salud Fighiera",,Moreno,1041,,,Fighiera,369,45,5,1,,,-33.1930118,-60.4712725,,,"2017-02-11 00:04:03","2017-02-11 00:04:03",1,0,0,0,0,03402/470746,,,,,,,,,,,,,,,,,,,,,,,,,,,,1,,,,,,,,0,,,,,,,,0,0,369,Argentina,,"Santa Fe",0,
840,0,,,,"S.A.M.Co. Villa Amelia",,Mitre,180,,,"Villa Amelia",369,45,5,1,,,-33.1762328,-60.6659,,,"2017-02-11 00:04:03","2017-02-11 00:04:03",1,0,0,0,0,03402/492327,,,,,,,,,,,,,,,,,,,,,,,,,,,,1,,,,,,,,0,,,,,,,,0,0,369,Argentina,,"Santa Fe",0,
841,0,,,,"Centro de Salud Pueblo MuÃ±oz",,Belgrano,310,,,"Pueblo MuÃ±oz",369,45,5,1,,,-33.1727676,-60.8981909,,,"2017-02-11 00:04:03","2017-02-11 00:04:03",1,0,0,0,0,"03469-492025 ctx 6374",,,,,,,,,,,,,,,,,,,,,,,,,,,,1,,,,,,,,0,,,,,,,,0,0,369,Argentina,,"Santa Fe",0,
842,0,,,,"S.A.M.Co. Fuentes",,"SimÃ³n De Iriondo",325,,,Fuentes,369,45,5,1,,,-33.1726215,-61.073268,,,"2017-02-11 00:04:03","2017-02-11 00:04:03",1,0,0,0,0,03464/493517,,,,,,,,,,,,,,,,,,,,,,,,,,,,1,,,,,,,,0,,,,,,,,0,0,369,Argentina,,"Santa Fe",0,
844,0,,,,"Centro de Salud Ramon Carrillo - Arroyo Seco",,Independencia,,"Juan B. Justo","Juan B. Justo","Arroyo Seco",369,45,5,1,,,-33.1564137,-60.513,,,"2017-02-11 00:04:03","2017-02-11 00:04:03",1,0,0,0,0,03400-430010,,,,,,,,,,,,,,,,,,,,,,,,,,,,1,,,,,,,,0,,,,,,,,0,0,369,Argentina,,"Santa Fe",0,
845,0,,,,"S.A.M.Co. General San Martin - Arroyo Seco",,"J. Salk",,"Ruta 21","Ruta 21","Arroyo Seco",369,45,5,1,,,-33.1564137,-60.513,,,"2017-02-11 00:04:03","2017-02-11 00:04:03",1,0,0,0,0,03402/426628," centrex: 6160",,,,,,,,,,,,,,,,,,,,,,,,,,,,1,,,,,,,,0,,,,,,,,0,0,369,Argentina,,"Santa Fe",0,
846,0,,,,"Centro de Salud Sanford",,EspaÃ±a,544,,,Sanford,369,45,5,1,,,-33.1456915,-61.2778,,,"2017-02-11 00:04:03","2017-02-11 00:04:03",1,0,0,0,0,03464/496295,,,,,,,,,,,,,,,,,,,,,,,,,,,,1,,,,,,,,0,,,,,,,,0,0,369,Argentina,,"Santa Fe",0,
847,0,,,,"S.A.M.Co. Geriatrico Arequito",,"Dr. Juan Manino",2080,,,Arequito,369,45,5,1,,,-33.144756,-61.4695416,,,"2017-02-11 00:04:03","2017-02-11 00:04:03",1,0,0,0,0,"03464/471184 centrex 6310",,,,,,,,,,,,,,,,,,,,,,,,,,,,1,,,,,,,,0,,,,,,,,0,0,369,Argentina,,"Santa Fe",0,
848,0,,,,"S.A.M.Co. Alvarez",,Salta,880,,,Alvarez,369,45,5,1,,,-33.1294,-60.8040926,,,"2017-02-11 00:04:03","2017-02-11 00:04:03",1,0,0,0,0,"03402/461030 centrex 6166",,,,,,,,,,,,,,,,,,,,,,,,,,,,1,,,,,,,,0,,,,,,,,0,0,369,Argentina,,"Santa Fe",0,
850,0,,,,"S.A.M.Co. San Jose De La Esquina",,"San MartÃ­n",951,,,"San Jose De La Esquina",369,45,5,1,,,-33.1166621,-61.7026831,,,"2017-02-11 00:04:03","2017-02-11 00:04:03",1,0,0,0,0,03467/461249-462010,,,,,,,,,,,,,,,,,,,,,,,,,,,,1,,,,,,,,0,,,,,,,,0,0,369,Argentina,,"Santa Fe",0,
851,0,,,,"Centro de Salud General Lagos",,"Lisandro De La Torre",1191,,,"General Lagos",369,45,5,1,,,-33.1108701,-60.5546283,,,"2017-02-11 00:04:03","2017-02-11 00:04:03",1,0,0,0,0,".03402 490306",,,,,,,,,,,,,,,,,,,,,,,,,,,,1,,,,,,,,0,,,,,,,,0,0,369,Argentina,,"Santa Fe",0,
852,0,,,,"Centro de Salud Comunal De PiÃ±ero",,"Sara Pacheco",,"9 De julio","9 De julio",PiÃ±ero,369,45,5,1,,,-33.1099548,-60.7951508,,,"2017-02-11 00:04:03","2017-02-11 00:04:03",1,0,0,0,0,03402-461151,,,,,,,,,,,,,,,,,,,,,,,,,,,,1,,,,,,,,0,,,,,,,,0,0,369,Argentina,,"Santa Fe",0,
853,0,,,,"Centro de Salud Los Molinos",,"MartÃ­n Fierro",164,,,"Los Molinos",369,45,5,1,,,-33.1039576,-61.3258,,,"2017-02-11 00:04:03","2017-02-11 00:04:03",1,0,0,0,0,03464/495145,,,,,,,,,,,,,,,,,,,,,,,,,,,,1,,,,,,,,0,,,,,,,,0,0,369,Argentina,,"Santa Fe",0,
854,0,,,,"S.A.M.Co. Arteaga",,Belgrano,387,,,Arteaga,369,45,5,1,,,-33.0904115,-61.7914711,,,"2017-02-11 00:04:03","2017-02-11 00:04:03",1,0,0,0,0,"03467/450369 centrex 6351",,,,,,,,,,,,,,,,,,,,,,,,,,,,1,,,,,,,,0,,,,,,,,0,0,369,Argentina,,"Santa Fe",0,
856,0,,,,"Centro de Salud Pueblo Esther",,"San Luis",,Colombia,Colombia,"Pueblo Esther",369,45,5,1,,,-33.0734634,-60.5750542,,,"2017-02-11 00:04:03","2017-02-11 00:04:03",1,0,0,0,0,03402/499678,,,,,,,,,,,,,,,,,,,,,,,,,,,,1,,,,,,,,0,,,,,,,,0,0,369,Argentina,,"Santa Fe",0,
857,0,,,,"Centro de Salud NiÃ±o Jesus",,Rivadavia,1250,,,"Villa Gobernador Galvez",369,45,5,1,,,-33.0579331,-60.6190116,,,"2017-02-11 00:04:03","2017-02-11 00:04:03",1,0,0,0,0,0341-928804,,,,,,,,,,,,,,,,,,,,,,,,,,,,1,,,,,,,,0,,,,,,,,0,0,369,Argentina,,"Santa Fe",0,
858,0,,,,"Centro de Salud Nueva Roma 3",,"HipÃ³lito Yrigoyen",,Alvear,Alvear,Casilda,369,45,5,1,,,-33.0524713,-61.1833,,,"2017-02-11 00:04:03","2017-02-11 00:04:03",1,0,0,0,0,03464-425600,,,,,,,,,,,,,,,,,,,,,,,,,,,,1,,,,,,,,0,,,,,,,,0,0,369,Argentina,,"Santa Fe",0,
859,0,,,,"Hospital San Carlos",Hospital,"Bv. 9 De Julio",2351,,,Casilda,369,45,5,1,,,-33.036336,-61.1574,,,"2017-02-11 00:04:03","2017-02-11 00:04:03",1,0,0,0,0,03464/422107-422382,,,,,,,,,,,,,,,,,,,,,,,,,,,,1,,,,,,,,0,,,,,,,,0,0,369,Argentina,,"Santa Fe",0,
860,0,,,,"Centro de Salud San Enrique",,Rosario,,"Pasaje 4","Pasaje 4","Villa Gobernador Galvez",369,45,5,1,,,-33.03545,-60.6221008,,,"2017-02-11 00:04:03","2017-02-11 00:04:03",1,0,0,0,0,0341-4920345,,,,,,,,,,,,,,,,,,,,,,,,,,,,1,,,,,,,,0,,,,,,,,0,0,369,Argentina,,"Santa Fe",0,
861,0,,,,"Centro de Salud Evita",,Chubut,1512,,,"Villa Gobernador Galvez",369,45,5,1,,,-33.033752,-60.631876,,,"2017-02-11 00:04:03","2017-02-11 00:04:03",1,0,0,0,0,0341-4928803,,,,,,,,,,,,,,,,,,,,,,,,,,,,1,,,,,,,,0,,,,,,,,0,0,369,Argentina,,"Santa Fe",0,
862,0,,,,"Centro de Salud Itati- Vgg",,"Marcos Paz",,"GarcÃ­a GonzÃ¡lez","GarcÃ­a GonzÃ¡lez","Villa Gobernador Galvez",369,45,5,1,,,-33.0330009,-60.6423874,,,"2017-02-11 00:04:03","2017-02-11 00:04:03",1,0,0,0,0,0341-4920343,,,,,,,,,,,,,,,,,,,,,,,,,,,,1,,,,,,,,0,,,,,,,,0,0,369,Argentina,,"Santa Fe",0,
863,0,,,,"Centro de Salud Isabel Duran De Maleandi",,"Av. Pellegrini",2064,,,Alvear,369,45,5,1,,,-33.03178,-60.6405383,,,"2017-02-11 00:04:03","2017-02-11 00:04:03",1,0,0,0,0,0341-4921371,,,,,,,,,,,,,,,,,,,,,,,,,,,,1,,,,,,,,0,,,,,,,,0,0,369,Argentina,,"Santa Fe",0,
864,0,,,,"Centro de Salud Ingeniero Mosconi",,"Ing. Mosconi",,"9 De julio","9 De julio","Villa Gobernador Galvez",369,45,5,1,,,-33.0288675,-60.6481,,,"2017-02-11 00:04:03","2017-02-11 00:04:03",1,0,0,0,0,0341-4921874,,,,,,,,,,,,,,,,,,,,,,,,,,,,1,,,,,,,,0,,,,,,,,0,0,369,Argentina,,"Santa Fe",0,
865,0,,,,"Centro de Salud San Vicente De Paul",,"Punta De Indio",7760,,,Rosario,369,45,5,1,,,-33.0280168,-60.6872598,,,"2017-02-11 00:04:03","2017-02-11 00:04:03",1,0,0,0,0,0341-4809765,,,,,,,,,,,,,,,,,,,,,,,,,,,,1,,,,,,,,0,,,,,,,,0,0,369,Argentina,,"Santa Fe",0,
866,0,,,,"Centro de Salud Posta Sanitaria El Triangulo",,"Chubut E Iriondo",,,,"Villa Gobernador Galvez",369,45,5,1,,,-33.0255203,-60.6337608,,,"2017-02-11 00:04:03","2017-02-11 00:04:03",1,0,0,0,0,,,,,,,,,,,,,,,,,,,,,,,,,,,,,1,,,,,,,,0,,,,,,,,0,0,369,Argentina,,"Santa Fe",0,
867,0,,,,"Centro de Salud Barrio Mortelari",,"Pasaje 5",,Alberdi,Alberdi,"Villa Gobernador Galvez",369,45,5,1,,,-33.0255203,-60.6337608,,,"2017-02-11 00:04:03","2017-02-11 00:04:03",1,0,0,0,0,0341-4928802,,,,,,,,,,,,,,,,,,,,,,,,,,,,1,,,,,,,,0,,,,,,,,0,0,369,Argentina,,"Santa Fe",0,
869,0,,,,"Centro de Salud Intendente Andreu",,"Comandante Espora",488,,,"Villa Gobernador Galvez",369,45,5,1,,,-33.0237876,-60.6131,,,"2017-02-11 00:04:03","2017-02-11 00:04:03",1,0,0,0,0,0341-4983414,,,,,,,,,,,,,,,,,,,,,,,,,,,,1,,,,,,,,0,,,,,,,,0,0,369,Argentina,,"Santa Fe",0,
870,0,,,,"S.A.M.Co. Zavalla",,"25 De mayo",2144,,,Zavalla,369,45,5,1,,,-33.023707,-60.8756,,,"2017-02-11 00:04:03","2017-02-11 00:04:03",1,0,0,0,0,"0341/4970326 ctx 4449",,,,,,,,,,,,,,,,,,,,,,,,,,,,1,,,,,,,,0,,,,,,,,0,0,369,Argentina,,"Santa Fe",0,
871,0,,,,"Hospital Dr. Anselmo Gamen",Hospital,Balcarce,1355,,,"Villa Gobernador Galvez",369,45,5,1,,,-33.0234234,-60.6312,,,"2017-02-11 00:04:03","2017-02-11 00:04:03",1,0,0,0,0,0341-4921222,,,,,,,,,,,,,,,,,,,,,,,,,,,,1,,,,,,,,0,,,,,,,,0,0,369,Argentina,,"Santa Fe",0,
872,0,,,,"Centro de Salud N 3 - 7 De Septiembre",,"Martin Estrada",8150,,,Rosario,369,45,5,1,,,-33.0219591,-60.6534823,,,"2017-02-11 00:04:03","2017-02-11 00:04:03",1,0,0,0,0,0341/4807541,,,,,,,,,,,,,,,,,,,,,,,,,,,,1,,,,,,,,0,,,,,,,,0,0,369,Argentina,,"Santa Fe",0,
873,0,,,,"Centro de Salud N 15 Juan Domingo Peron",,"Estrella Federal",1789,,,Rosario,369,45,5,1,,,-33.0204347,-60.6586162,,,"2017-02-11 00:04:03","2017-02-11 00:04:03",1,0,0,0,0,0341/4809435,,,,,,,,,,,,,,,,,,,,,,,,,,,,1,,,,,,,,0,,,,,,,,0,0,369,Argentina,,"Santa Fe",0,
874,0,,,,"Centro de Salud Barrio Talleres - Vgg",,"SaÃ©nz PeÃ±a",452,,,"Villa Gobernador Galvez",369,45,5,1,,,-33.0176773,-60.6125,,,"2017-02-11 00:04:03","2017-02-11 00:04:03",1,0,0,0,0,0341-4983412,,,,,,,,,,,,,,,,,,,,,,,,,,,,1,,,,,,,,0,,,,,,,,0,0,369,Argentina,,"Santa Fe",0,
875,0,,,,"Centro de Salud Las Flores",,Khantuta,1397,,,Rosario,369,45,5,1,,,-33.0120497,-60.6526,,,"2017-02-11 00:04:03","2017-02-11 00:04:03",1,0,0,0,0,0341-4809767,,,,,,,,,,,,,,,,,,,,,,,,,,,,1,,,,,,,,0,,,,,,,,0,0,369,Argentina,,"Santa Fe",0,
877,0,,,,"Centro de Salud 17 De Octubre- Vgg",,Corrientes,146,,,"Villa Gobernador Galvez",369,45,5,1,,,-33.0096459,-60.6062077,,,"2017-02-11 00:04:03","2017-02-11 00:04:03",1,0,0,0,0,0341-4983428,,,,,,,,,,,,,,,,,,,,,,,,,,,,1,,,,,,,,0,,,,,,,,0,0,369,Argentina,,"Santa Fe",0,
878,0,,,,"Centro de Salud Sur- Rosario",,Ayacucho,6309,,,Rosario,369,45,5,1,,,-33.0096267,-60.635749,,,"2017-02-11 00:04:03","2017-02-11 00:04:03",1,0,0,0,0,0341-4809771,,,,,,,,,,,,,,,,,,,,,,,,,,,,1,,,,,,,,0,,,,,,,,0,0,369,Argentina,,"Santa Fe",0,
879,0,,,,"Centro de Salud N 11 Pueblo Nuevo",,Buenamesson,580,,,"Villa Gobernador Galvez",369,45,5,1,,,-33.009035,-60.6159,,,"2017-02-11 00:04:03","2017-02-11 00:04:03",1,0,0,0,0,0341-4922777,,,,,,,,,,,,,,,,,,,,,,,,,,,,1,,,,,,,,0,,,,,,,,0,0,369,Argentina,,"Santa Fe",0,
880,0,,,,"Centro de Salud Vecinal San Martin A",,Piedras,1469,,,Rosario,369,45,5,1,,,-33.0072432,-60.65412,,,"2017-02-11 00:04:03","2017-02-11 00:04:03",1,0,0,0,0,0341-4809521,,,,,,,,,,,,,,,,,,,,,,,,,,,,1,,,,,,,,0,,,,,,,,0,0,369,Argentina,,"Santa Fe",0,
881,0,,,,"Centro de Salud Elena Bazet (ex San Fco Solano)",,"Madre Cabrini",2717,,,Rosario,369,45,5,1,,,-33.0057269,-60.6719,,,"2017-02-11 00:04:03","2017-02-11 00:04:03",1,0,0,0,0,0341-4809197,,,,,,,,,,,,,,,,,,,,,,,,,,,,1,,,,,,,,0,,,,,,,,0,0,369,Argentina,,"Santa Fe",0,
882,0,,,,"Centro de Salud Maria Auxiliadora",,SuÃ¡rez,480,,,"Villa Gobernador Galvez",369,45,5,1,,,-33.0044444,-60.6625099,,,"2017-02-11 00:04:03","2017-02-11 00:04:03",1,0,0,0,0,0341-4928801,,,,,,,,,,,,,,,,,,,,,,,,,,,,1,,,,,,,,0,,,,,,,,0,0,369,Argentina,,"Santa Fe",0,
883,0,,,,"Centro de Salud Parque Sur",,Bolonia,5350,,,Rosario,369,45,5,1,,,-33.0001083,-60.6686241,,,"2017-02-11 00:04:03","2017-02-11 00:04:03",1,0,0,0,0,0341-4809196,,,,,,,,,,,,,,,,,,,,,,,,,,,,1,,,,,,,,0,,,,,,,,0,0,369,Argentina,,"Santa Fe",0,
884,0,,,,"Centro de Salud El Mangrullo",,"El Mangrullo",5150,,,Rosario,369,45,5,1,,,-32.9982996,-60.6148636,,,"2017-02-11 00:04:03","2017-02-11 00:04:03",1,0,0,0,0,0341-4809773,,,,,,,,,,,,,,,,,,,,,,,,,,,,1,,,,,,,,0,,,,,,,,0,0,369,Argentina,,"Santa Fe",0,
885,0,,,,"Centro de Salud Vecinal Barrio Plata",,Lamadrid,3307,,,Rosario,369,45,5,1,,,-32.9981201,-60.6807,,,"2017-02-11 00:04:03","2017-02-11 00:04:03",1,0,0,0,0,0341-4809768,,,,,,,,,,,,,,,,,,,,,,,,,,,,1,,,,,,,,0,,,,,,,,0,0,369,Argentina,,"Santa Fe",0,
886,0,,,,"Centro de Salud Dr Roque Perez",,Rivadavia,1135,,,Perez,369,45,5,1,,,-32.9970777,-60.7715805,,,"2017-02-11 00:04:03","2017-02-11 00:04:03",1,0,0,0,0,0341/4951209,,,,,,,,,,,,,,,,,,,,,,,,,,,,1,,,,,,,,0,,,,,,,,0,0,369,Argentina,,"Santa Fe",0,
887,0,,,,"Centro de Salud N 29 Araoz De La Madrid",,Laferrere,4629,,,Rosario,369,45,5,1,,,-32.9913,-60.6263668,,,"2017-02-11 00:04:03","2017-02-11 00:04:03",1,0,0,0,0,0341/4809437,,,,,,,,,,,,,,,,,,,,,,,,,,,,1,,,,,,,,0,,,,,,,,0,0,369,Argentina,,"Santa Fe",0,
888,0,,,,"Centro de Salud Itati - Rosario",,"Jose Garibaldi",2502,,,Rosario,369,45,5,1,,,-32.9844665,-60.6564666,,,"2017-02-11 00:04:03","2017-02-11 00:04:03",1,0,0,0,0,0341-4805879,,,,,,,,,,,,,,,,,,,,,,,,,,,,1,,,,,,,,0,,,,,,,,0,0,369,Argentina,,"Santa Fe",0,
889,0,,,,"Centro de Salud Vecinal Domingo Matheu",,Corrientes,3880,,,Rosario,369,45,5,1,,,-32.9814457,-60.6514275,,,"2017-02-11 00:04:03","2017-02-11 00:04:03",1,0,0,0,0,0341/4809769,,,,,,,,,,,,,,,,,,,,,,,,,,,,1,,,,,,,,0,,,,,,,,0,0,369,Argentina,,"Santa Fe",0,
891,0,,,,"Centro de Salud N 12 Dr. Garcia Piatti",,Balcarce,3850,,,Rosario,369,45,5,1,,,-32.9798019,-60.6611,,,"2017-02-11 00:04:03","2017-02-11 00:04:03",1,0,0,0,0,0341/4809431,,,,,,,,,,,,,,,,,,,,,,,,,,,,1,,,,,,,,0,,,,,,,,0,0,369,Argentina,,"Santa Fe",0,
892,0,,,,"Centro de Salud Luis Pasteur",,Ayolas,270,,,Rosario,369,45,5,1,,,-32.9788679,-60.6341311,,,"2017-02-11 00:04:03","2017-02-11 00:04:03",1,0,0,0,0,0341/4809778,,,,,,,,,,,,,,,,,,,,,,,,,,,,1,,,,,,,,0,,,,,,,,0,0,369,Argentina,,"Santa Fe",0,
893,0,,,,"Centro de Salud N 11 Villa Corrientes",,"JosÃ© De AmenÃ¡bar",1329,,,Rosario,369,45,5,1,,,-32.9716153,-60.6479,,,"2017-02-11 00:04:03","2017-02-11 00:04:03",1,0,0,0,0,0341/4808420,,,,,,,,,,,,,,,,,,,,,,,,,,,,1,,,,,,,,0,,,,,,,,0,0,369,Argentina,,"Santa Fe",0,
894,0,,,,"Hospital De NiÃ±os Vilela",Hospital,Virasoro,1855,,,Rosario,369,45,5,1,,,-32.9680339,-60.6545654,,,"2017-02-11 00:04:03","2017-02-11 00:04:03",1,0,0,0,0,"0341-4808133 / 4808125",,,,,,,,,,,,,,,,,,,,,,,,,,,,1,,,,,,,,0,,,,,,,,0,0,369,Argentina,,"Santa Fe",0,
895,0,,,,"Centro de Salud N 14 Avellaneda Oeste",,"JosÃ© De AmenÃ¡bar",4122,,,Rosario,369,45,5,1,,,-32.9665335,-60.6761078,,,"2017-02-11 00:04:03","2017-02-11 00:04:03",1,0,0,0,0,0341/4805414,,,,,,,,,,,,,,,,,,,,,,,,,,,,1,,,,,,,,0,,,,,,,,0,0,369,Argentina,,"Santa Fe",0,
896,0,,,,"Centro de Salud N 5 Pedro Fiorina",,Francia,3105,,,"Distrito Sudoeste",369,45,5,1,,,-32.9658894,-60.6715876,,,"2017-02-11 00:04:03","2017-02-11 00:04:03",1,0,0,0,0,0341/4805413,,,,,,,,,,,,,,,,,,,,,,,,,,,,1,,,,,,,,0,,,,,,,,0,0,369,Argentina,,"Santa Fe",0,
897,0,,,,"Centro de Salud Santa Maria Josefa Rosello",,Rivarola,7100,,,Rosario,369,45,5,1,,,-32.965882,-60.7165,,,"2017-02-11 00:04:03","2017-02-11 00:04:03",1,0,0,0,0,0341/4807845,,,,,,,,,,,,,,,,,,,,,,,,,,,,1,,,,,,,,0,,,,,,,,0,0,369,Argentina,,"Santa Fe",0,
898,0,,,,"Centro de Salud N 9 San Francisquito",,Galvez,3501,,,Rosario,369,45,5,1,,,-32.9628999,-60.6766,,,"2017-02-11 00:04:03","2017-02-11 00:04:03",1,0,0,0,0,0341/4805412,,,,,,,,,,,,,,,,,,,,,,,,,,,,1,,,,,,,,0,,,,,,,,0,0,369,Argentina,,"Santa Fe",0,
899,0,,,,"S.A.M.Co. Villa Eloisa",,Libertad,452,,,"Villa Eloisa",369,45,5,1,,,-32.9617093,-61.5475,,,"2017-02-11 00:04:03","2017-02-11 00:04:03",1,0,0,0,0,03471/491065,,,,,,,,,,,,,,,,,,,,,,,,,,,,1,,,,,,,,0,,,,,,,,0,0,369,Argentina,,"Santa Fe",0,
900,0,,,,"Centro de Salud Dr Ernesto Che Guevara",,"Calle 1709",,CircunvalaciÃ³n,CircunvalaciÃ³n,Rosario,369,45,5,1,,,-32.9609583,-60.7245123,,,"2017-02-11 00:04:03","2017-02-11 00:04:03",1,0,0,0,0,0341-4727507,,,,,,,,,,,,,,,,,,,,,,,,,,,,1,,,,,,,,0,,,,,,,,0,0,369,Argentina,,"Santa Fe",0,
901,0,,,,"Hospital Provincial",Hospital,"Leandro Alem",1450,,,Rosario,369,45,5,1,,,-32.9561562,-60.6306,,,"2017-02-11 00:04:03","2017-02-11 00:04:03",1,0,0,0,0,(0341)4721111/1114/1501/1533,,,,,,,,,,,,,,,,,,,,,,,,,,,,1,,,,,,,,0,,,,,,,,0,0,369,Argentina,,"Santa Fe",0,
902,0,,,,"Centro de Salud Marcelino Champagnat",,"Aaron Castellanos",3935,,,Rosario,369,45,5,1,,,-32.9558258,-60.6791,,,"2017-02-11 00:04:03","2017-02-11 00:04:03",1,0,0,0,0,0341-4805648,,,,,,,,,,,,,,,,,,,,,,,,,,,,1,,,,,,,,0,,,,,,,,0,0,369,Argentina,,"Santa Fe",0,
903,0,,,,"LÃ­nea Salud Sexual Programa Nacional",,,,,,Rosario,369,45,5,1,,,-32.954012,-60.698503,,,"2017-02-11 00:04:03","2017-02-11 00:04:03",1,0,0,0,0,0800-222-3444,,,,,,,,,,,,,,,,,,,,,,,,,,,,1,,,,,,,,0,,,,,,,,0,0,369,Argentina,,"Santa Fe",0,
904,0,,,,"Hospital De Emergencias Dr. Clemente Alvarez",Hospital,"Av. Pellegrini",3205,,,Rosario,369,45,5,1,,,-32.952363,-60.669912,,,"2017-02-11 00:04:03","2017-02-11 00:04:03",1,0,0,0,0,0341-4808111,,,,,,,,,,,,,,,,,,,,,,,,,,,,1,,,,,,,,0,,,,,,,,0,0,369,Argentina,,"Santa Fe",0,
905,0,,,,"Vox AsociaciÃ³n Civil",,"Entre RÃ­os",1087,P.A.,P.A.,Rosario,369,45,5,1,,,-32.9495719,-60.6418408,,,"2017-02-11 00:04:03","2017-02-11 00:04:03",1,0,0,0,0,,,,,,,,,,,,,,,,,,,,,,,,,,,,,1,,,,,,,,0,,,,,,,,0,0,369,Argentina,,"Santa Fe",0,
906,0,,,,"Centro de Salud Dr Esteban Maradona- Rosario",,Cochabamba,5103,,,Rosario,369,45,5,1,,,-32.9493022,-60.6934597,,,"2017-02-11 00:04:03","2017-02-11 00:04:03",1,0,0,0,0,0341/4807847,,,,,,,,,,,,,,,,,,,,,,,,,,,,1,,,,,,,,0,,,,,,,,0,0,369,Argentina,,"Santa Fe",0,
907,0,,,,"Centro de Salud Santa Teresita",,"Calle 1218",4740,,,Rosario,369,45,5,1,,,-32.947075,-60.639719,,,"2017-02-11 00:04:03","2017-02-11 00:04:03",1,0,0,0,0,0341-4809195,,,,,,,,,,,,,,,,,,,,,,,,,,,,1,,,,,,,,0,,,,,,,,0,0,369,Argentina,,"Santa Fe",0,
908,0,,,,"Centro De Especialidades Medicas Ambulatorias (Cemar)",,"San Luis",2020,,,Rosario,369,45,5,1,,,-32.9467548,-60.6515,,,"2017-02-11 00:04:03","2017-02-11 00:04:03",1,0,0,0,0,"0341 4802600",,,,,,,,,,,,,,,,,,,,,,,,,,,,1,,,,,,,,0,,,,,,,,0,0,369,Argentina,,"Santa Fe",0,
909,0,,,,"Maternidad Martin",,Moreno,960,,,Rosario,369,45,5,1,,,-32.9462767,-60.6511,,,"2017-02-11 00:04:03","2017-02-11 00:04:03",1,0,0,0,0,,,,,,,,,,,,,,,,,,,,,,,,,,,,,1,,,,,,,,0,,,,,,,,0,0,369,Argentina,,"Santa Fe",0,
910,0,,,,"Centro de Salud San Martin - Rosario",,Chubut,7145,,,Rosario,369,45,5,1,,,-32.946264,-60.717553,,,"2017-02-11 00:04:03","2017-02-11 00:04:03",1,0,0,0,0,0341/4807800,,,,,,,,,,,,,,,,,,,,,,,,,,,,1,,,,,,,,0,,,,,,,,0,0,369,Argentina,,"Santa Fe",0,
911,0,,,,"Centro de Salud Martin",,"Mariano Moreno",950,,,Rosario,369,45,5,1,,,-32.9461782,-60.6510779,,,"2017-02-11 00:04:03","2017-02-11 00:04:03",1,0,0,0,0,"0341 - 4802303",,,,,,,,,,,,,,,,,,,,,,,,,,,,1,,,,,,,,0,,,,,,,,0,0,369,Argentina,,"Santa Fe",0,
912,0,,,,"Centro de Salud Jean Henry Dunnant",,"Teniente Agneta",1535,,,Rosario,369,45,5,1,,,-32.9456833,-60.6996,,,"2017-02-11 00:04:03","2017-02-11 00:04:03",1,0,0,0,0,0341/4807808,,,,,,,,,,,,,,,,,,,,,,,,,,,,1,,,,,,,,0,,,,,,,,0,0,369,Argentina,,"Santa Fe",0,
913,0,,,,"Centro de Salud N 6 Eva Peron- Rosario",,"Antonio Luis Berutti",2732,,,Rosario,369,45,5,1,,,-32.9442426,-60.6505,,,"2017-02-11 00:04:03","2017-02-11 00:04:03",1,0,0,0,0,0341/4808421,,,,,,,,,,,,,,,,,,,,,,,,,,,,1,,,,,,,,0,,,,,,,,0,0,369,Argentina,,"Santa Fe",0,
914,0,,,,"Centro de Salud Pocho Lepratti",,"CaÃ±a De Ãmbar",1667,,,Rosario,369,45,5,1,,,-32.9442426,-60.6505,,,"2017-02-11 00:04:03","2017-02-11 00:04:03",1,0,0,0,0,0341/4809529,,,,,,,,,,,,,,,,,,,,,,,,,,,,1,,,,,,,,0,,,,,,,,0,0,369,Argentina,,"Santa Fe",0,
915,0,,,,"Centro de Salud Ruben Naranjo (ex Las Heras)",,"SÃ¡nchez De Thompson 9 Bis",,,,Rosario,369,45,5,1,,,-32.9442426,-60.6505,,,"2017-02-11 00:04:03","2017-02-11 00:04:03",1,0,0,0,0,0341-4809190,,,,,,,,,,,,,,,,,,,,,,,,,,,,1,,,,,,,,0,,,,,,,,0,0,369,Argentina,,"Santa Fe",0,
916,0,,,,"Centro de Salud Santa Lucia - Rosario",,"Calle 1739 Âº",7691,,,Rosario,369,45,5,1,,,-32.9442426,-60.6505,,,"2017-02-11 00:04:03","2017-02-11 00:04:03",1,0,0,0,0,0341/4807841,,,,,,,,,,,,,,,,,,,,,,,,,,,,1,,,,,,,,0,,,,,,,,0,0,369,Argentina,,"Santa Fe",0,
917,0,,,,"Centro de Salud Vecinal 20 De Junio (ex Tiro Suizo",,Marguis,5115,,,Rosario,369,45,5,1,,,-32.9442426,-60.6505,,,"2017-02-11 00:04:03","2017-02-11 00:04:03",1,0,0,0,0,0341/4809766,,,,,,,,,,,,,,,,,,,,,,,,,,,,1,,,,,,,,0,,,,,,,,0,0,369,Argentina,,"Santa Fe",0,
918,0,,,,"Centro de Salud Vecinal Angel Invaldi",,"Ecuador 645 Bis",,,,Rosario,369,45,5,1,,,-32.9442426,-60.6505,,,"2017-02-11 00:04:03","2017-02-11 00:04:03",1,0,0,0,0,,,,,,,,,,,,,,,,,,,,,,,,,,,,,1,,,,,,,,0,,,,,,,,0,0,369,Argentina,,"Santa Fe",0,
919,0,,,,"Hospital Intendente Gabriel Carrasco",Hospital,"NicolÃ¡s Avellaneda",1403,,,Rosario,369,45,5,1,,,-32.9442426,-60.6505,,,"2017-02-11 00:04:03","2017-02-11 00:04:03",1,0,0,0,0,0341-4804155,,,,,,,,,,,,,,,,,,,,,,,,,,,,1,,,,,,,,0,,,,,,,,0,0,369,Argentina,,"Santa Fe",0,
920,0,,,,"Centro de Salud Barrio Toba",,"Mario Antonio Cisnero",6055,,,Rosario,369,45,5,1,,,-32.9442426,-60.6505,,,"2017-02-11 00:04:03","2017-02-11 00:04:03",1,0,0,0,0,0341/4805620,,,,,,,,,,,,,,,,,,,,,,,,,,,,1,,,,,,,,0,,,,,,,,0,0,369,Argentina,,"Santa Fe",0,
921,0,,,,"Centro de Salud Jose Raul Ugarte",,"Suinda 980 ( Mendoza 9500)",,,,Rosario,369,45,5,1,,,-32.9442426,-60.6505,,,"2017-02-11 00:04:03","2017-02-11 00:04:03",1,0,0,0,0,0341-4807689,,,,,,,,,,,,,,,,,,,,,,,,,,,,1,,,,,,,,0,,,,,,,,0,0,369,Argentina,,"Santa Fe",0,
922,0,,,,"Centro de Salud Julio Maiztegui (ex San Roque)",,"5 De Agosto 1523 (previsiÃ³n",,Hogar),Hogar),Rosario,369,45,5,1,,,-32.9442426,-60.6505,,,"2017-02-11 00:04:03","2017-02-11 00:04:03",1,0,0,0,0,0341-4809760,,,,,,,,,,,,,,,,,,,,,,,,,,,,1,,,,,,,,0,,,,,,,,0,0,369,Argentina,,"Santa Fe",0,
923,0,,,,"Centro de Salud Juntos Podemos Kolping",,Nocetto,593,,,Rosario,369,45,5,1,,,-32.9442426,-60.6505,,,"2017-02-11 00:04:03","2017-02-11 00:04:03",1,0,0,0,0,0341/4807544,,,,,,,,,,,,,,,,,,,,,,,,,,,,1,,,,,,,,0,,,,,,,,0,0,369,Argentina,,"Santa Fe",0,
924,0,,,,"Centro de Salud Libertad (ex Aborigenes Argentinos",,"Calle 1816 Âº",4496,,,Rosario,369,45,5,1,,,-32.9442426,-60.6505,,,"2017-02-11 00:04:03","2017-02-11 00:04:03",1,0,0,0,0,0341-4347575,,,,,,,,,,,,,,,,,,,,,,,,,,,,1,,,,,,,,0,,,,,,,,0,0,369,Argentina,,"Santa Fe",0,
925,0,,,,"Centro de Salud Luchemos Por La Vida",,"Juan Francisco Segui",6552,,,Rosario,369,45,5,1,,,-32.9442426,-60.6505,,,"2017-02-11 00:04:03","2017-02-11 00:04:03",1,0,0,0,0,0341/4807697,,,,,,,,,,,,,,,,,,,,,,,,,,,,1,,,,,,,,0,,,,,,,,0,0,369,Argentina,,"Santa Fe",0,
926,0,,,,"Centro de Salud Mauricio Casals",,"Juan Francisco Segui",5305,,,Rosario,369,45,5,1,,,-32.9442426,-60.6505,,,"2017-02-11 00:04:03","2017-02-11 00:04:03",1,0,0,0,0,0341-4805625,,,,,,,,,,,,,,,,,,,,,,,,,,,,1,,,,,,,,0,,,,,,,,0,0,369,Argentina,,"Santa Fe",0,
927,0,,,,"Centro de Salud N 10 Villa Manuelita",,"Ricardo Guiraldes 298 Bis.",,,,Rosario,369,45,5,1,,,-32.9442426,-60.6505,,,"2017-02-11 00:04:03","2017-02-11 00:04:03",1,0,0,0,0,0341/4809434,,,,,,,,,,,,,,,,,,,,,,,,,,,,1,,,,,,,,0,,,,,,,,0,0,369,Argentina,,"Santa Fe",0,
928,0,,,,"Centro de Salud N 2 Fonavi Super Cemento",,"A. J. Donado 911 Bis",,,,Rosario,369,45,5,1,,,-32.9442426,-60.6505,,,"2017-02-11 00:04:03","2017-02-11 00:04:03",1,0,0,0,0,0341/4807540,,,,,,,,,,,,,,,,,,,,,,,,,,,,1,,,,,,,,0,,,,,,,,0,0,369,Argentina,,"Santa Fe",0,
929,0,,,,"Centro de Salud N 25 Fonavi",,"Calle 1110 Âº",2877,,,Rosario,369,45,5,1,,,-32.9442426,-60.6505,,,"2017-02-11 00:04:03","2017-02-11 00:04:03",1,0,0,0,0,0341/4805410,,,,,,,,,,,,,,,,,,,,,,,,,,,,1,,,,,,,,0,,,,,,,,0,0,369,Argentina,,"Santa Fe",0,
930,0,,,,"Centro de Salud N 27 Ramon Carrillo",,"Tupac Amaru",5515,,,Rosario,369,45,5,1,,,-32.9442426,-60.6505,,,"2017-02-11 00:04:03","2017-02-11 00:04:03",1,0,0,0,0,0341/4807543,,,,,,,,,,,,,,,,,,,,,,,,,,,,1,,,,,,,,0,,,,,,,,0,0,369,Argentina,,"Santa Fe",0,
931,0,,,,"Centro de Salud N 21",,Aguaribai,"sin nÃºmero",,Hudson,Rosario,369,45,5,1,,,-32.9442426,-60.6505,,,"2017-02-11 00:04:03","2017-02-11 00:04:03",1,0,0,0,0,0341/4956306,,,sÃ­,0341/4956306,,,,,,,,,,,,,,,,,,,,,,,,1,,,,,,,,0,,,,,,,,0,0,369,Argentina,,"Santa Fe",0,
933,0,,,,"Centro De Salud Melvin Jones (Rosario)",,"Estac. Terminal De Omnibus",,,,Rosario,369,45,5,1,,,-32.93834,-60.67236,,,"2017-02-11 00:04:03","2017-02-11 00:04:03",1,0,0,0,0,,,,,,,,,,,,,,,,,,,,,,,,,,,,,1,,,,,,,,0,,,,,,,,0,0,369,Argentina,,"Santa Fe",0,
934,0,,,,"Hospital Centenario",Hospital,Urquiza,3100,,,Rosario,369,45,5,1,,,-32.9380309,-60.6647,,,"2017-02-11 00:04:03","2017-02-11 00:04:03",1,0,0,0,0,,,,sÃ­,,,,,,,,,,,,,,,,,,,,,,,,,1,,,,,,,,0,,,,,,,,0,0,369,Argentina,,"Santa Fe",0,
936,0,,,,"Centro de Salud Roque Coulin",,"Humberto Primo",2033,,,Rosario,369,45,5,1,,,-32.9299147,-60.690282,,,"2017-02-11 00:04:03","2017-02-11 00:04:03",1,0,0,0,0,0341-4804819,,,,,,,,,,,,,,,,,,,,,,,,,,,,1,,,,,,,,0,,,,,,,,0,0,369,Argentina,,"Santa Fe",0,
937,0,,,,"Centro de Salud Dr. David Staffieri",,"Pte. Juan Domingo Peron",4540,,,Rosario,369,45,5,1,,,-32.9290526,-60.8095392,,,"2017-02-11 00:04:03","2017-02-11 00:04:03",1,0,0,0,0,0341/4805647,,,,,,,,,,,,,,,,,,,,,,,,,,,,1,,,,,,,,0,,,,,,,,0,0,369,Argentina,,"Santa Fe",0,
939,0,,,,"Centro de Salud LudueÃ±a Norte Y Moreno",,JunÃ­n,5236,,,Rosario,369,45,5,1,,,-32.9270966,-60.6956551,,,"2017-02-11 00:04:03","2017-02-11 00:04:03",1,0,0,0,0,0341/4351530,,,,,,,,,,,,,,,,,,,,,,,,,,,,1,,,,,,,,0,,,,,,,,0,0,369,Argentina,,"Santa Fe",0,
940,0,,,,"Centro de Salud Soldini",,"San MartÃ­n",1256,,,Soldini,369,45,5,1,,,-32.922725,-60.8005877,,,"2017-02-11 00:04:03","2017-02-11 00:04:03",1,0,0,0,0,0341-4901663,,,,,,,,,,,,,,,,,,,,,,,,,,,,1,,,,,,,,0,,,,,,,,0,0,369,Argentina,,"Santa Fe",0,
942,0,,,,"Centro de Salud N 17 Caritas Guadalupe",,"Domingo French",5496,,,Rosario,369,45,5,1,,,-32.9215958,-60.7041377,,,"2017-02-11 00:04:03","2017-02-11 00:04:03",1,0,0,0,0,0341/480-9434,,,,,,,,,,,,,,,,,,,,,,,,,,,,1,,,,,,,,0,,,,,,,,0,0,369,Argentina,,"Santa Fe",0,
943,0,,,,"Centro de Salud N 47 Barrio Toba",,"J. J. Paso",5132,,,Rosario,369,45,5,1,,,-32.9196685,-60.6943911,,,"2017-02-11 00:04:03","2017-02-11 00:04:03",1,0,0,0,0,0341/4804535,,,,,,,,,,,,,,,,,,,,,,,,,,,,1,,,,,,,,0,,,,,,,,0,0,369,Argentina,,"Santa Fe",0,
944,0,,,,"Centro de Salud Dr Victor Cue",,"Juan JosÃ© Paso",2490,,,Rosario,369,45,5,1,,,-32.9196617,-60.6941,,,"2017-02-11 00:04:03","2017-02-11 00:04:03",1,0,0,0,0,0341/4388990,,,,,,,,,,,,,,,,,,,,,,,,,,,,1,,,,,,,,0,,,,,,,,0,0,369,Argentina,,"Santa Fe",0,
945,0,,,,"Centro de Salud Ceferino Namuncara",,"JosÃ© Ingenieros",8590,,,Rosario,369,45,5,1,,,-32.9180662,-60.7488295,,,"2017-02-11 00:04:03","2017-02-11 00:04:03",1,0,0,0,0,03496-422729,,,,,,,,,,,,,,,,,,,,,,,,,,,,1,,,,,,,,0,,,,,,,,0,0,369,Argentina,,"Santa Fe",0,
946,0,,,,"Centro de Salud Emaus - Rosario",,Urdinarrain,7900,,,Rosario,369,45,5,1,,,-32.9171388,-60.735087,,,"2017-02-11 00:04:03","2017-02-11 00:04:03",1,0,0,0,0,0341/4807804,,,,,,,,,,,,,,,,,,,,,,,,,,,,1,,,,,,,,0,,,,,,,,0,0,369,Argentina,,"Santa Fe",0,
947,0,,,,"Centro de Salud Dr Bernardo Houssay",,Sarmiento,,Angelone,Angelone,Funes,369,45,5,1,,,-32.916996,-60.8108,,,"2017-02-11 00:04:03","2017-02-11 00:04:03",1,0,0,0,0,0341-4936010,,,,,,,,,,,,,,,,,,,,,,,,,,,,1,,,,,,,,0,,,,,,,,0,0,369,Argentina,,"Santa Fe",0,
948,0,,,,"Centro de Salud Dr Esteban Laureano Maradona- Fune",,Maiztegui,2498,,,Funes,369,45,5,1,,,-32.916996,-60.8108,,,"2017-02-11 00:04:03","2017-02-11 00:04:03",1,0,0,0,0,0341-4936012,,,,,,,,,,,,,,,,,,,,,,,,,,,,1,,,,,,,,0,,,,,,,,0,0,369,Argentina,,"Santa Fe",0,
949,0,,,,"Centro de Salud Dr Esteban Laureano Maradona- Fune",,Maiztegui,2498,,,Funes,369,45,5,1,,,-32.916996,-60.8108,,,"2017-02-11 00:04:03","2017-02-11 00:04:03",1,0,0,0,0,,,,,,,,,,,,,,,,,,,,,,,,,,,,,1,,,,,,,,0,,,,,,,,0,0,369,Argentina,,"Santa Fe",0,
950,0,,,,"Centro de Salud N 16 Pablo Vi",,"Av. Genova",7237,,,Rosario,369,45,5,1,,,-32.9162248,-60.7198586,,,"2017-02-11 00:04:03","2017-02-11 00:04:03",1,0,0,0,0,0341/4807542,,,,,,,,,,,,,,,,,,,,,,,,,,,,1,,,,,,,,0,,,,,,,,0,0,369,Argentina,,"Santa Fe",0,
951,0,,,,"Centro de Salud Juana Azurduy",,Fraga,"1087 Bis",,,Rosario,369,45,5,1,,,-32.9161606,-60.7116473,,,"2017-02-11 00:04:03","2017-02-11 00:04:03",1,0,0,0,0,0341-4804815,,,,,,,,,,,,,,,,,,,,,,,,,,,,1,,,,,,,,0,,,,,,,,0,0,369,Argentina,,"Santa Fe",0,
952,0,,,,"Centro de Salud Dr Abel E Faust",,MaipÃº,767,,,Funes,369,45,5,1,,,-32.9138816,-60.7979,,,"2017-02-11 00:04:03","2017-02-11 00:04:03",1,0,0,0,0,0341-4936555,,,,,,,,,,,,,,,,,,,,,,,,,,,,1,,,,,,,,0,,,,,,,,0,0,369,Argentina,,"Santa Fe",0,
954,0,,,,"Hospital De NiÃ±os Zona Norte",Hospital,"A. De Los Trabajadores",1331,,,Rosario,369,45,5,1,,,-32.9119486,-60.6792,,,"2017-02-11 00:04:03","2017-02-11 00:04:03",1,0,0,0,0,0341-4724661/4648/4659,,,,,,,,,,,,,,,,,,,,,,,,,,,,1,,,,,,,,0,,,,,,,,0,0,369,Argentina,,"Santa Fe",0,
955,0,,,,"Centro de Salud Eva Peron - Funes",,"Arnolfo Calvo",2095,,,Funes,369,45,5,1,,,-32.9100157,-60.8142,,,"2017-02-11 00:04:03","2017-02-11 00:04:03",1,0,0,0,0,4936011,,,,,,,,,,,,,,,,,,,,,,,,,,,,1,,,,,,,,0,,,,,,,,0,0,369,Argentina,,"Santa Fe",0,
956,0,,,,"Centro de Salud Villa Flores",,"Av. Central",,Larrea,Larrea,Roldan,369,45,5,1,,,-32.9078568,-60.9065,,,"2017-02-11 00:04:03","2017-02-11 00:04:03",1,0,0,0,0,0341-4960202,,,,,,,,,,,,,,,,,,,,,,,,,,,,1,,,,,,,,0,,,,,,,,0,0,369,Argentina,,"Santa Fe",0,
958,0,,,,"Centro de Salud Casiano Casas",,"Av. C. Casas",971,,,Rosario,369,45,5,1,,,-32.9062576,-60.697,,,"2017-02-11 00:04:03","2017-02-11 00:04:03",1,0,0,0,0,0341-4806631,,,sÃ­,0341-4806631,,,,,,,,,,,,,,,,,,,,,,,,1,,,,,,,,0,,,,,,,,0,0,369,Argentina,,"Santa Fe",0,
959,0,,,,"Centro de Salud N 8 Independencia",,"Casiano Casas",1801,,,Rosario,369,45,5,1,,,-32.901993,-60.70885,,,"2017-02-11 00:04:03","2017-02-11 00:04:03",1,0,0,0,0,0341-5252818,,,,,,,,,,,,,,,,,,,,,,,,,,,,1,,,,,,,,0,,,,,,,,0,0,369,Argentina,,"Santa Fe",0,
960,0,,,,"S.A.M.Co. Roldan",,"Bv. Sarmiento",900,,,Roldan,369,45,5,1,,,-32.9010898,-60.9104267,,,"2017-02-11 00:04:03","2017-02-11 00:04:03",1,0,0,0,0,"0341/4961309 ctx 4671",,,,,,,,,,,,,,,,,,,,,,,,,,,,1,,,,,,,,0,,,,,,,,0,0,369,Argentina,,"Santa Fe",0,
962,0,,,,"Centro de Salud N 20 La Esperanza",,"Pablo A. Pizzurno",1930,,,Rosario,369,45,5,1,,,-32.8963419,-60.7116,,,"2017-02-11 00:04:03","2017-02-11 00:04:03",1,0,0,0,0,0341/4549442,,,,,,,,,,,,,,,,,,,,,,,,,,,,1,,,,,,,,0,,,,,,,,0,0,369,Argentina,,"Santa Fe",0,
963,0,,,,"Hospital Dr Juan Bautista Alberdi",Hospital,"Av. Puccio",575,,,Rosario,369,45,5,1,,,-32.894706,-60.6905,,,"2017-02-11 00:04:03","2017-02-11 00:04:03",1,0,0,0,0,,,,,,,,,,,,,,,,,,,,,,,,,,,,,1,,,,,,,,0,,,,,,,,0,0,369,Argentina,,"Santa Fe",0,
964,0,,,,"Centro de Salud Beaudrix",,Brown,,Galvez,Galvez,Roldan,369,45,5,1,,,-32.8943787,-60.9031,,,"2017-02-11 00:04:03","2017-02-11 00:04:03",1,0,0,0,0,0341-4962888,,,,,,,,,,,,,,,,,,,,,,,,,,,,1,,,,,,,,0,,,,,,,,0,0,369,Argentina,,"Santa Fe",0,
966,0,,,,"Centro de Salud Primero De Mayo",,"Juan De Dios Mena",2221,,,Rosario,369,45,5,1,,,-32.8878283,-60.7129035,,,"2017-02-11 00:04:03","2017-02-11 00:04:03",1,0,0,0,0,0341-4558239,,,,,,,,,,,,,,,,,,,,,,,,,,,,1,,,,,,,,0,,,,,,,,0,0,369,Argentina,,"Santa Fe",0,
967,0,,,,"Centro de Salud N 19 La Ceramica",,Ongamira,2889,,,Rosario,369,45,5,1,,,-32.8869003,-60.7068981,,,"2017-02-11 00:04:03","2017-02-11 00:04:03",1,0,0,0,0,0341-4549434,,,,,,,,,,,,,,,,,,,,,,,,,,,,1,,,,,,,,0,,,,,,,,0,0,369,Argentina,,"Santa Fe",0,
968,0,,,,"Centro de Salud Alicia Moreau De Justo",,"Calle 1333",3040,,,Rosario,369,45,5,1,,,-32.8850326,-60.7264167,,,"2017-02-11 00:04:03","2017-02-11 00:04:03",1,0,0,0,0,"(0342) 475-3463",,,,,,,,,,,,,,,,,,,,,,,,,,,,1,,,,,,,,0,,,,,,,,0,0,369,Argentina,,"Santa Fe",0,
970,0,,,,"Centro de Salud La Florida",,"Luis Braille",1205,,,Rosario,369,45,5,1,,,-32.883082,-60.7027488,,,"2017-02-11 00:04:03","2017-02-11 00:04:03",1,0,0,0,0,0341-4806637,,,,,,,,,,,,,,,,,,,,,,,,,,,,1,,,,,,,,0,,,,,,,,0,0,369,Argentina,,"Santa Fe",0,
972,0,,,,"Centro de Salud N 7-12 De Octubre",,"Maestro Massa",470,,,Rosario,369,45,5,1,,,-32.8736066,-60.6936998,,,"2017-02-11 00:04:03","2017-02-11 00:04:03",1,0,0,0,0,0341/4549422,,,,,,,,,,,,,,,,,,,,,,,,,,,,1,,,,,,,,0,,,,,,,,0,0,369,Argentina,,"Santa Fe",0,
974,0,,,,"Centro de Salud N 23 San Miguel",,"Santa Fe",937,,,"Granadero Baigorria",369,45,5,1,,,-32.8630404,-60.7107396,,,"2017-02-11 00:04:03","2017-02-11 00:04:03",1,0,0,0,0,0341-4714509,,,,,,,,,,,,,,,,,,,,,,,,,,,,1,,,,,,,,0,,,,,,,,0,0,369,Argentina,,"Santa Fe",0,
975,0,,,,"Centro de Salud N 54 Remanso Valerio",,"Barrio Remanso Valerio",,,,"Granadero Baigorria",369,45,5,1,,,-32.8621721,-60.7065,,,"2017-02-11 00:04:03","2017-02-11 00:04:03",1,0,0,0,0,0341/4714561,,,,,,,,,,,,,,,,,,,,,,,,,,,,1,,,,,,,,0,,,,,,,,0,0,369,Argentina,,"Santa Fe",0,
976,0,,,,"Centro de Salud N 18 San Fernando",,"Eva PerÃ³n",634,,,"Granadero Baigorria",369,45,5,1,,,-32.8584181,-60.7146,,,"2017-02-11 00:04:03","2017-02-11 00:04:03",1,0,0,0,0,0341-4710369,,,,,,,,,,,,,,,,,,,,,,,,,,,,1,,,,,,,,0,,,,,,,,0,0,369,Argentina,,"Santa Fe",0,
977,0,,,,"Hospital Carlos Goytia",Hospital,"Av. J. B. Alberdi",1949,,,CarcaraÃ±a,369,45,5,1,,,-32.8571864,-61.1578,,,"2017-02-11 00:04:03","2017-02-11 00:04:03",1,0,0,0,0,"0341/4941104 centrex 4669",,,,,,,,,,,,,,,,,,,,,,,,,,,,1,,,,,,,,0,,,,,,,,0,0,369,Argentina,,"Santa Fe",0,
978,0,,,,"Centro de Salud Barrio Los Pinos",,Bermejo,,"Eva Peron (secretaria De Salud Municipal)","Eva Peron (secretaria De Salud Municipal)",CarcaraÃ±a,369,45,5,1,,,-32.8571864,-61.1578,,,"2017-02-11 00:04:03","2017-02-11 00:04:03",1,0,0,0,0,0341-4943051,,,,,,,,,,,,,,,,,,,,,,,,,,,,1,,,,,,,,0,,,,,,,,0,0,369,Argentina,,"Santa Fe",0,
979,0,,,,"Caf Hospital Eva Peron- G Baigorria",,"Av. San MartÃ­n",1645,,,Rosario,369,45,5,1,,,-32.8563284,-60.7043,,,"2017-02-11 00:04:03","2017-02-11 00:04:03",1,0,0,0,0,"0341-4710940 Int. 263",,,,,,,,,,,,,,,,,,,,,,,,,,,,1,,,,,,,,0,,,,,,,,0,0,369,Argentina,,"Santa Fe",0,
980,0,,,,"Centro de Salud Ibarlucea",,Corrientes,127,,,Ibarlucea,369,45,5,1,,,-32.8529355,-60.7873756,,,"2017-02-11 00:04:03","2017-02-11 00:04:03",1,0,0,0,0,"0341-4904082 ctx 4666",,,,,,,,,,,,,,,,,,,,,,,,,,,,1,,,,,,,,0,,,,,,,,0,0,369,Argentina,,"Santa Fe",0,
981,0,,,,"Centro de Salud Luis Cristallini",,"C Colon",1560,,,"Capitan Bermudez",369,45,5,1,,,-32.8430537,-60.7105431,,,"2017-02-11 00:04:03","2017-02-11 00:04:03",1,0,0,0,0,0341-4917353,,,,,,,,,,,,,,,,,,,,,,,,,,,,1,,,,,,,,0,,,,,,,,0,0,369,Argentina,,"Santa Fe",0,
983,0,,,,"Centro de Salud N 30 Santa Rita",,Chaco,422,,,"Granadero Baigorria",369,45,5,1,,,-32.8400111,-60.7034532,,,"2017-02-11 00:04:03","2017-02-11 00:04:03",1,0,0,0,0,0341/4714535,,,,,,,,,,,,,,,,,,,,,,,,,,,,1,,,,,,,,0,,,,,,,,0,0,369,Argentina,,"Santa Fe",0,
986,0,,,,"Centro de Salud Don Segundo Pillado",,"Gral. Paz",258,,,"Capitan Bermudez",369,45,5,1,,,-32.831944,-60.7168624,,,"2017-02-11 00:04:03","2017-02-11 00:04:03",1,0,0,0,0,0341-4913996,,,,,,,,,,,,,,,,,,,,,,,,,,,,1,,,,,,,,0,,,,,,,,0,0,369,Argentina,,"Santa Fe",0,
987,0,,,,"Hospital San Jose",Hospital,Urquiza,750,,,"CaÃ±ada De GÃ³mez",369,45,5,1,,,-32.8296423,-61.3949,,,"2017-02-11 00:04:03","2017-02-11 00:04:03",1,0,0,0,0,"03471/422014 centrex 6377",,,sÃ­,"03471/422014 centrex 6377",,,,,,,,,,,,,,,,,,,,,,,,1,,,,,,,,0,,,,,,,,0,0,369,Argentina,,"Santa Fe",0,
988,0,,,,"S.A.M.Co. Dr R Barrionuevo",,"R. De Escalada",,Jujuy,Jujuy,"Capitan Bermudez",369,45,5,1,,,-32.8242719,-60.7176,,,"2017-02-11 00:04:03","2017-02-11 00:04:03",1,0,0,0,0,"0341-4912388 Ctrex 2702",,,,,,,,,,,,,,,,,,,,,,,,,,,,1,,,,,,,,0,,,,,,,,0,0,369,Argentina,,"Santa Fe",0,
989,0,,,,"Centro de Salud Victor Rossi",,"J. B. Justo",331,,,"CaÃ±ada De GÃ³mez",369,45,5,1,,,-32.8241437,-61.4077236,,,"2017-02-11 00:04:03","2017-02-11 00:04:03",1,0,0,0,0,,,,,,,,,,,,,,,,,,,,,,,,,,,,,1,,,,,,,,0,,,,,,,,0,0,369,Argentina,,"Santa Fe",0,
990,0,,,,"Centro de Salud Fonavi Barrio Estanislao Lopez",,"Pasas 352 Bo. Fonavi",,,,"CaÃ±ada De GÃ³mez",369,45,5,1,,,-32.8211646,-61.3953734,,,"2017-02-11 00:04:03","2017-02-11 00:04:03",1,0,0,0,0,03471-420060,,,,,,,,,,,,,,,,,,,,,,,,,,,,1,,,,,,,,0,,,,,,,,0,0,369,Argentina,,"Santa Fe",0,
991,0,,,,"Centro de Salud Barrio Barracas",,"General Bartolome Mitre",1165,,,Casilda,369,45,5,1,,,-32.8165344,-63.0276574,,,"2017-02-11 00:04:03","2017-02-11 00:04:03",1,0,0,0,0,03464-427934,,,,,,,,,,,,,,,,,,,,,,,,,,,,1,,,,,,,,0,,,,,,,,0,0,369,Argentina,,"Santa Fe",0,
992,0,,,,"Centro de Salud 25 De Mayo - CaÃ±ada De Gomez",,Audano,653,,,"CaÃ±ada De GÃ³mez",369,45,5,1,,,-32.8158461,-61.3842,,,"2017-02-11 00:04:03","2017-02-11 00:04:03",1,0,0,0,0,03471-421715,,,,,,,,,,,,,,,,,,,,,,,,,,,,1,,,,,,,,0,,,,,,,,0,0,369,Argentina,,"Santa Fe",0,
993,0,,,,"Centro de Salud Barrio La Posta",,"14 De marzo",,Villaguay,Villaguay,"Capitan Bermudez",369,45,5,1,,,-32.8153265,-60.713877,,,"2017-02-11 00:04:03","2017-02-11 00:04:03",1,0,0,0,0,0341-4912751,,,,,,,,,,,,,,,,,,,,,,,,,,,,1,,,,,,,,0,,,,,,,,0,0,369,Argentina,,"Santa Fe",0,
994,0,,,,"Centro de Salud Barrio Parque - CaÃ±ada De Gomez",,CÃ³rdoba,23,,,"CaÃ±ada De GÃ³mez",369,45,5,1,,,-32.8119585,-61.4085,,,"2017-02-11 00:04:03","2017-02-11 00:04:03",1,0,0,0,0,,,,,,,,,,,,,,,,,,,,,,,,,,,,,1,,,,,,,,0,,,,,,,,0,0,369,Argentina,,"Santa Fe",0,
995,0,,,,"Centro de Salud Barrio 3 De Febrero",,Peatonal,2795,,,"San Lorenzo",369,45,5,1,,,-32.8088605,-60.7204,,,"2017-02-11 00:04:03","2017-02-11 00:04:03",1,0,0,0,0,,,,,,,,,,,,,,,,,,,,,,,,,,,,,1,,,,,,,,0,,,,,,,,0,0,369,Argentina,,"Santa Fe",0,
996,0,,,,"Centro de Salud Barrio Mercantil",,Poleti,1300,,,"CaÃ±ada De GÃ³mez",369,45,5,1,,,-32.8084878,-61.3979721,,,"2017-02-11 00:04:03","2017-02-11 00:04:03",1,0,0,0,0,,,,,,,,,,,,,,,,,,,,,,,,,,,,,1,,,,,,,,0,,,,,,,,0,0,369,Argentina,,"Santa Fe",0,
997,0,,,,"CIC Capitan Bermudez",,Laprida,,Ayacucho,Ayacucho,"Capitan Bermudez",369,45,5,1,,,-32.803585,-60.727,,,"2017-02-11 00:04:03","2017-02-11 00:04:03",1,0,0,0,0,0341-4782129-4913921,,,,,,,,,,,,,,,,,,,,,,,,,,,,1,,,,,,,,0,,,,,,,,0,0,369,Argentina,,"Santa Fe",0,
999,0,,,,"Centro de Salud Fray Luis Beltran",,"Pte. PerÃ³n",400,,,"Fray Luis Beltran",369,45,5,1,,,-32.7938261,-60.7287653,,,"2017-02-11 00:04:03","2017-02-11 00:04:03",1,0,0,0,0,0341/4916581,,,,,,,,,,,,,,,,,,,,,,,,,,,,1,,,,,,,,0,,,,,,,,0,0,369,Argentina,,"Santa Fe",0,
1000,0,,,,"S.A.M.Co. Armstrong",,"Pje Pedro Rolando",1602,,,Armstrong,369,45,5,1,,,-32.7828968,-61.6040831,,,"2017-02-11 00:04:03","2017-02-11 00:04:03",1,0,0,0,0,"03471/461342 centrex 6389",,,,,,,,,,,,,,,,,,,,,,,,,,,,1,,,,,,,,0,,,,,,,,0,0,369,Argentina,,"Santa Fe",0,
1001,0,,,,"S.A.M.Co. Luis Palacios",,"Fdo Quiroga",441,,,"Luis Palacios",369,45,5,1,,,-32.7803524,-60.9074,,,"2017-02-11 00:04:03","2017-02-11 00:04:03",1,0,0,0,0,"03476/499178 ctx 6416",,,,,,,,,,,,,,,,,,,,,,,,,,,,1,,,,,,,,0,,,,,,,,0,0,369,Argentina,,"Santa Fe",0,
1002,0,,,,"Centro de Salud Bouchard Luis Leloir",,Gurel,850,,,"San Lorenzo",369,45,5,1,,,-32.7758229,-60.7311,,,"2017-02-11 00:04:03","2017-02-11 00:04:03",1,0,0,0,0,,,,,,,,,,,,,,,,,,,,,,,,,,,,,1,,,,,,,,0,,,,,,,,0,0,369,Argentina,,"Santa Fe",0,
1004,0,,,,"Centro de Salud Villa Felisa",,"Ingeniero White",,Pje.,Pje.,"San Lorenzo",369,45,5,1,,,-32.7607189,-60.7382483,,,"2017-02-11 00:04:03","2017-02-11 00:04:03",1,0,0,0,0,,,,,,,,,,,,,,,,,,,,,,,,,,,,,1,,,,,,,,0,,,,,,,,0,0,369,Argentina,,"Santa Fe",0,
1006,0,,,,"Centro de Salud Jose Hernandez",,Misiones,721,,,"San Lorenzo",369,45,5,1,,,-32.7571232,-60.736917,,,"2017-02-11 00:04:03","2017-02-11 00:04:03",1,0,0,0,0,03476-432916,,,,,,,,,,,,,,,,,,,,,,,,,,,,1,,,,,,,,0,,,,,,,,0,0,369,Argentina,,"Santa Fe",0,
1007,0,,,,"Centro de Salud 1 De Julio",,"Luis Borghi",52,,,"San Lorenzo",369,45,5,1,,,-32.7561734,-60.727,,,"2017-02-11 00:04:03","2017-02-11 00:04:03",1,0,0,0,0,,,,,,,,,,,,,,,,,,,,,,,,,,,,,1,,,,,,,,0,,,,,,,,0,0,369,Argentina,,"Santa Fe",0,
1008,0,,,,"Centro de Salud Barrio Mariano Moreno",,Iriondo,,"26 De mayo","26 De mayo","San Lorenzo",369,45,5,1,,,-32.7527761,-60.7410876,,,"2017-02-11 00:04:03","2017-02-11 00:04:03",1,0,0,0,0,,,,,,,,,,,,,,,,,,,,,,,,,,,,,1,,,,,,,,0,,,,,,,,0,0,369,Argentina,,"Santa Fe",0,
1009,0,,,,"Centro de Salud San Juan Bautista",,"San MartÃ­n",1183,,,Ricardone,369,45,5,1,,,-32.7499746,-60.7343,,,"2017-02-11 00:04:03","2017-02-11 00:04:03",1,0,0,0,0,03476/492027,,,,,,,,,,,,,,,,,,,,,,,,,,,,1,,,,,,,,0,,,,,,,,0,0,369,Argentina,,"Santa Fe",0,
1010,0,,,,"Centro de Salud Virgen De Itati- San Lorenzo",,Belgrano,,"J. Valle","J. Valle","San Lorenzo",369,45,5,1,,,-32.747416,-60.7357,,,"2017-02-11 00:04:03","2017-02-11 00:04:03",1,0,0,0,0,03476-422812,,,,,,,,,,,,,,,,,,,,,,,,,,,,1,,,,,,,,0,,,,,,,,0,0,369,Argentina,,"Santa Fe",0,
1011,0,,,,"S.A.M.Co. Granaderos A Caballo",,Richeri,347,,,"San Lorenzo",369,45,5,1,,,-32.747416,-60.7357,,,"2017-02-11 00:04:03","2017-02-11 00:04:03",1,0,0,0,0,"03476/422404 centrex 6402",,,,,,,,,,,,,,,,,,,,,,,,,,,,1,,,,,,,,0,,,,,,,,0,0,369,Argentina,,"Santa Fe",0,
1012,0,,,,"Centro de Salud Barrio Las Quintas",,OroÃ±o,"sin nÃºmero",,,"San Lorenzo",369,45,5,1,,,-32.747416,-60.7357,,,"2017-02-11 00:04:03","2017-02-11 00:04:03",1,0,0,0,0,,,,,,,,,,,,,,,,,,,,,,,,,,,,,1,,,,,,,,0,,,,,,,,0,0,369,Argentina,,"Santa Fe",0,
1013,0,,,,"Centro de Salud Remedios De Escalada",,"Presidente Roca",1621,,,"San Lorenzo",369,45,5,1,,,-32.7455054,-60.7394305,,,"2017-02-11 00:04:03","2017-02-11 00:04:03",1,0,0,0,0,03476-15637037,,,,,,,,,,,,,,,,,,,,,,,,,,,,1,,,,,,,,0,,,,,,,,0,0,369,Argentina,,"Santa Fe",0,
1014,0,,,,"S.A.M.Co. Tortugas",,Sarmiento,254,,,Tortugas,369,45,5,1,,,-32.745267,-61.8205509,,,"2017-02-11 00:04:03","2017-02-11 00:04:03",1,0,0,0,0,03471-494332/494538,,,,,,,,,,,,,,,,,,,,,,,,,,,,1,,,,,,,,0,,,,,,,,0,0,369,Argentina,,"Santa Fe",0,
1015,0,,,,"Centro de Salud Fonavi Sagrado Corazon",,"JosÃ© Ingenieros",1890,,,"San Lorenzo",369,45,5,1,,,-32.7397899,-60.7478,,,"2017-02-11 00:04:03","2017-02-11 00:04:03",1,0,0,0,0,,,,,,,,,,,,,,,,,,,,,,,,,,,,,1,,,,,,,,0,,,,,,,,0,0,369,Argentina,,"Santa Fe",0,
1016,0,,,,"Centro de Salud Barrio Leandro N Alem",,"10 De julio",1243,,,"San Lorenzo",369,45,5,1,,,-32.7374,-60.7407784,,,"2017-02-11 00:04:03","2017-02-11 00:04:03",1,0,0,0,0,,,,,,,,,,,,,,,,,,,,,,,,,,,,,1,,,,,,,,0,,,,,,,,0,0,369,Argentina,,"Santa Fe",0,
1017,0,,,,"S.A.M.Co. Bustinza",,"La Posta",365,,,Bustinza,369,45,5,1,,,-32.7372377,-61.2934875,,,"2017-02-11 00:04:03","2017-02-11 00:04:03",1,0,0,0,0,03471/497176,,,,,,,,,,,,,,,,,,,,,,,,,,,,1,,,,,,,,0,,,,,,,,0,0,369,Argentina,,"Santa Fe",0,
1018,0,,,,"Centro de Salud Barrio Capitan Bermudez",,"Silverio Cordoba",1660,,,"San Lorenzo",369,45,5,1,,,-32.7345949,-60.7452,,,"2017-02-11 00:04:03","2017-02-11 00:04:03",1,0,0,0,0,,,,,,,,,,,,,,,,,,,,,,,,,,,,,1,,,,,,,,0,,,,,,,,0,0,369,Argentina,,"Santa Fe",0,
1019,0,,,,"Centro de Salud Barrio Norte San Francisco De Asis",,"Clemente Albelo",3780,,,"San Lorenzo",369,45,5,1,,,-32.7236976,-60.7390327,,,"2017-02-11 00:04:03","2017-02-11 00:04:03",1,0,0,0,0,0341-155884789,,,,,,,,,,,,,,,,,,,,,,,,,,,,1,,,,,,,,0,,,,,,,,0,0,369,Argentina,,"Santa Fe",0,
1020,0,,,,"S.A.M.Co. Puerto San Martin",,"Bautista Alberdi",125,,,"Puerto General San Martin",369,45,5,1,,,-32.71824,-60.7304,,,"2017-02-11 00:04:03","2017-02-11 00:04:03",1,0,0,0,0,"03476/422068 ctx 6400",,,,,,,,,,,,,,,,,,,,,,,,,,,,1,,,,,,,,0,,,,,,,,0,0,369,Argentina,,"Santa Fe",0,
1021,0,,,,"Centro de Salud Catalina Salomon",,Sarmiento,1142,,,"Puerto General San Martin",369,45,5,1,,,-32.7134278,-60.7382302,,,"2017-02-11 00:04:03","2017-02-11 00:04:03",1,0,0,0,0,03476-429622,,,,,,,,,,,,,,,,,,,,,,,,,,,,1,,,,,,,,0,,,,,,,,0,0,369,Argentina,,"Santa Fe",0,
1022,0,,,,"Centro de Salud San Sebastian",,MaipÃº,175,,,"Puerto General San Martin",369,45,5,1,,,-32.7087906,-60.7641716,,,"2017-02-11 00:04:03","2017-02-11 00:04:03",1,0,0,0,0,03476-429023,,,,,,,,,,,,,,,,,,,,,,,,,,,,1,,,,,,,,0,,,,,,,,0,0,369,Argentina,,"Santa Fe",0,
1023,0,,,,"Centro de Salud Nuestra SeÃ±ora De Fatima- Puerto S",,"Brasil 915 BÂº Esther",,,,"Puerto General San Martin",369,45,5,1,,,-32.7002915,-60.7358069,,,"2017-02-11 00:04:03","2017-02-11 00:04:03",1,0,0,0,0,03476-429082,,,,,,,,,,,,,,,,,,,,,,,,,,,,1,,,,,,,,0,,,,,,,,0,0,369,Argentina,,"Santa Fe",0,
1026,0,,,,"Centro de Salud Los Ucles",,"Calle 9",1187,,,"Las Parejas",369,45,5,1,,,-32.6875125,-61.5225,,,"2017-02-11 00:04:03","2017-02-11 00:04:03",1,0,0,0,0,,,,,,,,,,,,,,,,,,,,,,,,,,,,,1,,,,,,,,0,,,,,,,,0,0,369,Argentina,,"Santa Fe",0,
1027,0,,,,"S.A.M.Co. Las Parejas",,"Av. 17",669,,,"Las Parejas",369,45,5,1,,,-32.6839655,-61.5264785,,,"2017-02-11 00:04:03","2017-02-11 00:04:03",1,0,0,0,0,"03471/471200 centrex 6391",,,,,,,,,,,,,,,,,,,,,,,,,,,,1,,,,,,,,0,,,,,,,,0,0,369,Argentina,,"Santa Fe",0,
1028,0,,,,"Centro de Salud Belgrano- Las Parejas",,"Calle 25",,"Pasaje 2","Pasaje 2","Las Parejas",369,45,5,1,,,-32.6813791,-61.5264646,,,"2017-02-11 00:04:03","2017-02-11 00:04:03",1,0,0,0,0,,,,,,,,,,,,,,,,,,,,,,,,,,,,,1,,,,,,,,0,,,,,,,,0,0,369,Argentina,,"Santa Fe",0,
1029,0,,,,"Centro de Salud Andino",,Pellegrini,911,,,"Pueblo Andino",369,45,5,1,,,-32.6698507,-60.8763,,,"2017-02-11 00:04:03","2017-02-11 00:04:03",1,0,0,0,0,03476/496257,,,,,,,,,,,,,,,,,,,,,,,,,,,,1,,,,,,,,0,,,,,,,,0,0,369,Argentina,,"Santa Fe",0,
1030,0,,,,"Centro de Salud Dr Eduardo Gerbaix- Timbues",,"Lucia Miranda",335,,,Timbues,369,45,5,1,,,-32.6664157,-60.7927,,,"2017-02-11 00:04:03","2017-02-11 00:04:03",1,0,0,0,0,"03476/495057 centex 6413",,,,,,,,,,,,,,,,,,,,,,,,,,,,1,,,,,,,,0,,,,,,,,0,0,369,Argentina,,"Santa Fe",0,
1031,0,,,,"S.A.M.Co. Salto Grande",,Mitre,1097,,,"Salto Grande",369,45,5,1,,,-32.6650276,-61.0863,,,"2017-02-11 00:04:03","2017-02-11 00:04:03",1,0,0,0,0,03476/494224,,,,,,,,,,,,,,,,,,,,,,,,,,,,1,,,,,,,,0,,,,,,,,0,0,369,Argentina,,"Santa Fe",0,
1032,0,,,,"Centro de Salud Aldao",,"Lisandro De La Torre",215,,,Aldao,369,45,5,1,,,-32.664906,-60.7931961,,,"2017-02-11 00:04:03","2017-02-11 00:04:03",1,0,0,0,0,03476-482037/6409,,,,,,,,,,,,,,,,,,,,,,,,,,,,1,,,,,,,,0,,,,,,,,0,0,369,Argentina,,"Santa Fe",0,
1039,0,,,,"Centro de Salud Serodino",,Acerecho,902,,,Serodino,369,45,5,1,,,-32.6055713,-60.948384,,,"2017-02-11 00:04:03","2017-02-11 00:04:03",1,0,0,0,0,03476/490700,,,,,,,,,,,,,,,,,,,,,,,,,,,,1,,,,,,,,0,,,,,,,,0,0,369,Argentina,,"Santa Fe",0,
1041,0,,,,"Centro de Salud Correa",,Rivadavia,1366,,,Correa,369,45,5,1,,,-32.5834659,-60.857389,,,"2017-02-11 00:04:03","2017-02-11 00:04:03",1,0,0,0,0,"03471/492251 centrex 6395",,,,,,,,,,,,,,,,,,,,,,,,,,,,1,,,,,,,,0,,,,,,,,0,0,369,Argentina,,"Santa Fe",0,
1042,0,,,,"S.A.M.Co. Totoras",,Lavalle,950,,,Totoras,369,45,5,1,,,-32.5821035,-61.1682985,,,"2017-02-11 00:04:03","2017-02-11 00:04:03",1,0,0,0,0,"03476/460222- centrex 6405",,,,,,,,,,,,,,,,,,,,,,,,,,,,1,,,,,,,,0,,,,,,,,0,0,369,Argentina,,"Santa Fe",0,
1043,0,,,,"Centro de Salud Oliveros",,"Entre RÃ­os",464,,,Oliveros,369,45,5,1,,,-32.5752349,-60.8517,,,"2017-02-11 00:04:03","2017-02-11 00:04:03",1,0,0,0,0,03476/498598,,,,,,,,,,,,,,,,,,,,,,,,,,,,1,,,,,,,,0,,,,,,,,0,0,369,Argentina,,"Santa Fe",0,
1044,0,,,,"Colonia Psiquiatrica Dr Abelardo Freyre",,"Ruta 11",357,,,Oliveros,369,45,5,1,,,-32.5746765,-60.8499985,,,"2017-02-11 00:04:03","2017-02-11 00:04:03",1,0,0,0,0,"03476/498039 centrex 6406",,,,,,,,,,,,,,,,,,,,,,,,,,,,1,,,,,,,,0,,,,,,,,0,0,369,Argentina,,"Santa Fe",0,
1045,0,,,,"S.A.M.Co. Montes De Oca",,Sarmiento,543,,,"Montes De Oca",369,45,5,1,,,-32.5670757,-61.7645157,,,"2017-02-11 00:04:03","2017-02-11 00:04:03",1,0,0,0,0,03471/495000,,,,,,,,,,,,,,,,,,,,,,,,,,,,1,,,,,,,,0,,,,,,,,0,0,369,Argentina,,"Santa Fe",0,
1049,0,,,,"Centro de Salud Carrizales",,Centenario,504,,,"Carrizales (Est. Clarke)",369,45,5,1,,,-32.5079056,-61.0320773,,,"2017-02-11 00:04:03","2017-02-11 00:04:03",1,0,0,0,0,03476/497145,,,,,,,,,,,,,,,,,,,,,,,,,,,,1,,,,,,,,0,,,,,,,,0,0,369,Argentina,,"Santa Fe",0,
1052,0,,,,"S.A.M.Co. Las Rosas",,"Paso De Los Andes",419,,,"Las Rosas",369,45,5,1,,,-32.4803772,-61.5815825,,,"2017-02-11 00:04:03","2017-02-11 00:04:03",1,0,0,0,0,03471/451205-451004,,,,,,,,,,,,,,,,,,,,,,,,,,,,1,,,,,,,,0,,,,,,,,0,0,369,Argentina,,"Santa Fe",0,
1053,0,,,,"Hospital Federico Meroi",Hospital,"Bv. Sarmiento",84,,,Maciel,369,45,5,1,,,-32.4567,-60.8876992,,,"2017-02-11 00:04:03","2017-02-11 00:04:03",1,0,0,0,0,"03476/470240 centrex 6407",,,,,,,,,,,,,,,,,,,,,,,,,,,,1,,,,,,,,0,,,,,,,,0,0,369,Argentina,,"Santa Fe",0,
1055,0,,,,"S.A.M.Co. Diaz",,Sunchales,384,,,Diaz,369,45,5,1,,,-32.3743437,-61.0930306,,,"2017-02-11 00:04:03","2017-02-11 00:04:03",1,0,0,0,0,03466/496113,,,,,,,,,,,,,,,,,,,,,,,,,,,,1,,,,,,,,0,,,,,,,,0,0,369,Argentina,,"Santa Fe",0,
1056,0,,,,"S.A.M.Co. San Genaro Jarupkin",,"Dr. Ricardo Balbi",1697,,,"San Genaro",369,45,5,1,,,-32.373649,-61.3586079,,,"2017-02-11 00:04:03","2017-02-11 00:04:03",1,0,0,0,0,03401/448756-448659,,,,,,,,,,,,,,,,,,,,,,,,,,,,1,,,,,,,,0,,,,,,,,0,0,369,Argentina,,"Santa Fe",0,
1058,0,,,,"Centro de Salud San Genaro Norte",,"Santa Fe",435,,,"San Genaro",369,45,5,1,,,-32.3694935,-61.3616614,,,"2017-02-11 00:04:03","2017-02-11 00:04:03",1,0,0,0,0,03401/493280,,,,,,,,,,,,,,,,,,,,,,,,,,,,1,,,,,,,,0,,,,,,,,0,0,369,Argentina,,"Santa Fe",0,
1059,0,,,,"Centro de Salud Monje",,CÃ³rdoba,,"Ruta 65","Ruta 65",Monje,369,45,5,1,,,-32.3559078,-60.9425516,,,"2017-02-11 00:04:03","2017-02-11 00:04:03",1,0,0,0,0,03466/498188,,,,,,,,,,,,,,,,,,,,,,,,,,,,1,,,,,,,,0,,,,,,,,0,0,369,Argentina,,"Santa Fe",0,
1061,0,,,,"S.A.M.Co. Los Cardos",,"L. De La Torre",388,,,"Los Cardos",369,45,5,1,,,-32.3232215,-61.6307811,,,"2017-02-11 00:04:03","2017-02-11 00:04:03",1,0,0,0,0,03401/497000,,,,,,,,,,,,,,,,,,,,,,,,,,,,1,,,,,,,,0,,,,,,,,0,0,369,Argentina,,"Santa Fe",0,
1063,0,,,,"Centro de Salud Centeno",,"Bv. Fernando Centeno",1124,,,Centeno,369,45,5,1,,,-32.2969128,-61.4104164,,,"2017-02-11 00:04:03","2017-02-11 00:04:03",1,0,0,0,0,03401/498733,,,,,,,,,,,,,,,,,,,,,,,,,,,,1,,,,,,,,0,,,,,,,,0,0,369,Argentina,,"Santa Fe",0,
1064,0,,,,"S.A.M.Co. Maria Susana",,"Santiago Del Estero",657,,,"Maria Susana",369,45,5,1,,,-32.264067,-61.8990908,,,"2017-02-11 00:04:03","2017-02-11 00:04:03",1,0,0,0,0,03401/466296,,,,,,,,,,,,,,,,,,,,,,,,,,,,1,,,,,,,,0,,,,,,,,0,0,369,Argentina,,"Santa Fe",0,
1065,0,,,,"S.A.M.Co. Barrancas",,"Dr Agote",132,,,Barrancas,369,45,5,1,,,-32.2289594,-60.9835272,,,"2017-02-11 00:04:03","2017-02-11 00:04:03",1,0,0,0,0,"03466/420217 - 420220",,,,,,,,,,,,,,,,,,,,,,,,,,,,1,,,,,,,,0,,,,,,,,0,0,369,Argentina,,"Santa Fe",0,
1066,0,,,,"S.A.M.Co. Las Bandurrias",,"San MartÃ­n Âº","sin nÃºmero",,,"Las Bandurrias",369,45,5,1,,,-32.1975729,-61.4924,,,"2017-02-11 00:04:03","2017-02-11 00:04:03",1,0,0,0,0,03401/422759,,,,,,,,,,,,,,,,,,,,,,,,,,,,1,,,,,,,,0,,,,,,,,0,0,369,Argentina,,"Santa Fe",0,
1067,0,,,,"S.A.M.Co. El Trebol",,Dorrego,549,,,"El Trebol",369,45,5,1,,,-32.1973065,-61.7104,,,"2017-02-11 00:04:03","2017-02-11 00:04:03",1,0,0,0,0,03401/422324,,,,,,,,,,,,,,,,,,,,,,,,,,,,1,,,,,,,,0,,,,,,,,0,0,369,Argentina,,"Santa Fe",0,
1068,0,,,,"Centro de Salud Dr Raul Renedo",,"San JerÃ³nimo",566,,,"Bernardo De Irigoyen",369,45,5,1,,,-32.167761,-61.1582016,,,"2017-02-11 00:04:03","2017-02-11 00:04:03",1,0,0,0,0,03466/494125,centrex:6349,,,,,,,,,,,,,,,,,,,,,,,,,,,,1,,,,,,,,0,,,,,,,,0,0,369,Argentina,,"Santa Fe",0,
1069,0,,,,"S.A.M.Co. Piamonte",,"Rivadavia 801 ( Rivadavia",,Alberdi,Alberdi,Piamonte,369,45,5,1,,,-32.1433052,-61.9809975,,,"2017-02-11 00:04:03","2017-02-11 00:04:03",1,0,0,0,0,03401/455138,,,,,,,,,,,,,,,,,,,,,,,,,,,,1,,,,,,,,0,,,,,,,,0,0,369,Argentina,,"Santa Fe",0,
1070,0,,,,"Centro de Salud San Fabian",,"9 De julio",359,,,"San Fabian",369,45,5,1,,,-32.1368165,-60.9825834,,,"2017-02-11 00:04:03","2017-02-11 00:04:03",1,0,0,0,0,"03466/492129 centrex 6362",,,,,,,,,,,,,,,,,,,,,,,,,,,,1,,,,,,,,0,,,,,,,,0,0,369,Argentina,,"Santa Fe",0,
1072,0,,,,"Centro de Salud Arocena",,"Dr. Rovere",372,,,Arocena,369,45,5,1,,,-32.0797935,-60.9766,,,"2017-02-11 00:04:03","2017-02-11 00:04:03",1,0,0,0,0,03466/495138,,,,,,,,,,,,,,,,,,,,,,,,,,,,1,,,,,,,,0,,,,,,,,0,0,369,Argentina,,"Santa Fe",0,
1073,0,,,,"Centro de Salud San Eugenio",,"Zona Urbana",,,,"San Eugenio",369,45,5,1,,,-32.0755969,-61.1160426,,,"2017-02-11 00:04:03","2017-02-11 00:04:03",1,0,0,0,0,"03404 - 486202",,,,,,,,,,,,,,,,,,,,,,,,,,,,1,,,,,,,,0,,,,,,,,0,0,369,Argentina,,"Santa Fe",0,
1074,0,,,,"Hospital Carlos Pellegrini Dr. Julio Cortes Belasc",Hospital,"San MartÃ­n",721,,,"Carlos Pellegrini",369,45,5,1,,,-32.05,-61.7879464,,,"2017-02-11 00:04:03","2017-02-11 00:04:03",1,0,0,0,0,"03401- 480217 ctx 6147",,,,,,,,,,,,,,,,,,,,,,,,,,,,1,,,,,,,,0,,,,,,,,0,0,369,Argentina,,"Santa Fe",0,
1076,0,,,,"Centro de Salud Eva Peron Barrio Oeste- Galvez",,"Sargento Cabral",,"9 De julio","9 De julio",Galvez,369,45,5,1,,,-32.029275,-61.2244215,,,"2017-02-11 00:04:03","2017-02-11 00:04:03",1,0,0,0,0,03404/431001,,,,,,,,,,,,,,,,,,,,,,,,,,,,1,,,,,,,,0,,,,,,,,0,0,369,Argentina,,"Santa Fe",0,
1078,0,,,,"S.A.M.Co. Galvez",,"BartolomÃ© Mitre",1551,,,Galvez,369,45,5,1,,,-32.018526,-61.2273,,,"2017-02-11 00:04:03","2017-02-11 00:04:03",1,0,0,0,0,03404-480391,,,,,,,,,,,,,,,,,,,,,,,,,,,,1,,,,,,,,0,,,,,,,,0,0,369,Argentina,,"Santa Fe",0,
1079,0,,,,"S.A.M.Co. Landeta",,"Lisandro De La Torre",802,,,Landeta,369,45,5,1,,,-32.0139813,-62.0618752,,,"2017-02-11 00:04:03","2017-02-11 00:04:03",1,0,0,0,0,03406/497212,,,,,,,,,,,,,,,,,,,,,,,,,,,,1,,,,,,,,0,,,,,,,,0,0,369,Argentina,,"Santa Fe",0,
1080,0,,,,"S.A.M.Co. Coronda",,EspaÃ±a,2307,,,Coronda,369,45,5,1,,,-31.9739612,-60.9155,,,"2017-02-11 00:04:03","2017-02-11 00:04:03",1,0,0,0,0,0342/49100307-1807-1807-2430,,,,,,,,,,,,,,,,,,,,,,,,,,,,1,,,,,,,,0,,,,,,,,0,0,369,Argentina,,"Santa Fe",0,
1081,0,,,,"Centro de Salud San Pantaleon",,GÃ¼emes,"sin nÃºmero",,,Coronda,369,45,5,1,,,-31.9734931,-60.9206,,,"2017-02-11 00:04:03","2017-02-11 00:04:03",1,0,0,0,0,0342-4910315,,,,,,,,,,,,,,,,,,,,,,,,,,,,1,,,,,,,,0,,,,,,,,0,0,369,Argentina,,"Santa Fe",0,
1082,0,,,,"Centro de Salud General Urquiza Barrio Basualdo",,"Zona Suburbana Coronda",,,,Coronda,369,45,5,1,,,-31.9734931,-60.9206,,,"2017-02-11 00:04:03","2017-02-11 00:04:03",1,0,0,0,0,,,,,,,,,,,,,,,,,,,,,,,,,,,,,1,,,,,,,,0,,,,,,,,0,0,369,Argentina,,"Santa Fe",0,
1083,0,,,,"Centro de Salud Larrechea",,"Zona Urbana",,,,Larrechea,369,45,5,1,,,-31.9341978,-61.047,,,"2017-02-11 00:04:03","2017-02-11 00:04:03",1,0,0,0,0,03404/499033,,,,,,,,,,,,,,,,,,,,,,,,,,,,1,,,,,,,,0,,,,,,,,0,0,369,Argentina,,"Santa Fe",0,
1085,0,,,,"S.A.M.Co. Colonia Belgrano",,Belgrano,1145,,,"Colonia Belgrano",369,45,5,1,,,-31.911639,-61.4015,,,"2017-02-11 00:04:03","2017-02-11 00:04:03",1,0,0,0,0,03404/496173,,,,,,,,,,,,,,,,,,,,,,,,,,,,1,,,,,,,,0,,,,,,,,0,0,369,Argentina,,"Santa Fe",0,
1086,0,,,,"S.A.M.Co. Lopez",,Aurelia,1677,,,Lopez,369,45,5,1,,,-31.9073,-61.2809,,,"2017-02-11 00:04:03","2017-02-11 00:04:03",1,0,0,0,0,03404/498135,centrex:6202,,,,,,,,,,,,,,,,,,,,,,,,,,,,1,,,,,,,,0,,,,,,,,0,0,369,Argentina,,"Santa Fe",0,
1087,0,,,,"Centro de Salud Diego De Alvear",,"Gral LÃ³pez","sin nÃºmero",,,"Gral LÃ³pez",369,45,5,1,,,-31.9042854,-61.2766,,,"2017-02-11 00:04:03","2017-02-11 00:04:03",1,0,0,0,0,03382/493256,,,,,,,,,,,,,,,,,,,,,,,,,,,,1,,,,,,,,0,,,,,,,,0,0,369,Argentina,,"Santa Fe",0,
1088,0,,,,"Centro de Salud La Chispa",,"Gral LÃ³pez","sin nÃºmero",,,"Gral LÃ³pez",369,45,5,1,,,-31.9042854,-61.2766,,,"2017-02-11 00:04:03","2017-02-11 00:04:03",1,0,0,0,0,03462/487042,,,,,,,,,,,,,,,,,,,,,,,,,,,,1,,,,,,,,0,,,,,,,,0,0,369,Argentina,,"Santa Fe",0,
1089,0,,,,"Centro de Salud Ramon Carrillo - San Jorge",,"Alte. Brown",,"Pte. PerÃ³n","Pte. PerÃ³n","San Jorge",369,45,5,1,,,-31.8971,-61.8598807,,,"2017-02-11 00:04:03","2017-02-11 00:04:03",1,0,0,0,0,"(03406) 444299",,,,,,,,,,,,,,,,,,,,,,,,,,,,1,,,,,,,,0,,,,,,,,0,0,369,Argentina,,"Santa Fe",0,
1090,0,,,,"S.A.M.Co. San Jorge",,Urquiza,1648,,,"San Jorge",369,45,5,1,,,-31.8934061,-61.8556671,,,"2017-02-11 00:04:03","2017-02-11 00:04:03",1,0,0,0,0,03406/441666-441700,,,,,,,,,,,,,,,,,,,,,,,,,,,,1,,,,,,,,0,,,,,,,,0,0,369,Argentina,,"Santa Fe",0,
1091,0,,,,"Centro de Salud Gessler",,"Risso PatrÃ³n",1140,,,Gessler,369,45,5,1,,,-31.8753202,-61.1286478,,,"2017-02-11 00:04:03","2017-02-11 00:04:03",1,0,0,0,0,"03404/497062 ctx 6200",,,,,,,,,,,,,,,,,,,,,,,,,,,,1,,,,,,,,0,,,,,,,,0,0,369,Argentina,,"Santa Fe",0,
1092,0,,,,"S.A.M.Co. San Martin De Las Escobas",,"Alte. Brown",1269,,,"San Martin De Las Escobas",369,45,5,1,,,-31.8574142,-61.5720176,,,"2017-02-11 00:04:03","2017-02-11 00:04:03",1,0,0,0,0,03406/498279,,,,,,,,,,,,,,,,,,,,,,,,,,,,1,,,,,,,,0,,,,,,,,0,0,369,Argentina,,"Santa Fe",0,
1094,0,,,,"S.A.M.Co. Las Petacas",,"Calle 11 Âº",535,,,"Las Petacas",369,45,5,1,,,-31.8221593,-62.1084,,,"2017-02-11 00:04:03","2017-02-11 00:04:03",1,0,0,0,0,03406/494101,,,,,,,,,,,,,,,,,,,,,,,,,,,,1,,,,,,,,0,,,,,,,,0,0,369,Argentina,,"Santa Fe",0,
1096,0,,,,"Centro de Salud San Cayetano",,"Pasaje 16",29,,,"Sauce Viejo",369,45,5,1,,,-31.795206,-60.8425347,,,"2017-02-11 00:04:03","2017-02-11 00:04:03",1,0,0,0,0,"0342 155119936",,,,,,,,,,,,,,,,,,,,,,,,,,,,1,,,,,,,,0,,,,,,,,0,0,369,Argentina,,"Santa Fe",0,
1098,0,,,,"Centro de Salud DoÃ±a Margarita Barrio Areneras",,"Pje Bouchard",1055,,,"Sauce Viejo",369,45,5,1,,,-31.7721975,-60.8362,,,"2017-02-11 00:04:03","2017-02-11 00:04:03",1,0,0,0,0,0342-155119974,,,,,,,,,,,,,,,,,,,,,,,,,,,,1,,,,,,,,0,,,,,,,,0,0,369,Argentina,,"Santa Fe",0,
1099,0,,,,"Centro de Salud Jorge Newbery",,Sauces,"sin nÃºmero",Rosas,Rosas,"Sauce Viejo",369,45,5,1,,,-31.7721975,-60.8362,,,"2017-02-11 00:04:03","2017-02-11 00:04:03",1,0,0,0,0,0342-156120003,,,,,,,,,,,,,,,,,,,,,,,,,,,,1,,,,,,,,0,,,,,,,,0,0,369,Argentina,,"Santa Fe",0,
